Timestamp,PM2.5 (µg/m³),PM10 (µg/m³),NO (µg/m³),NO2 (µg/m³),NOx (ppb),NH3 (µg/m³),SO2 (µg/m³),CO (mg/m³),Ozone (µg/m³),Benzene (µg/m³)
2022-01-01 00:00:00,208.84,254.51,32.2,26.86,40.47,28.74,14.13,2.42,13.34,11.92
2022-01-02 00:00:00,240.99,304.71,35.1,28.88,43.9,28.13,15.78,1.95,13.62,13.65
2022-01-03 00:00:00,211.72,265.12,33.08,28.23,41.64,28.63,15.42,1.54,15.09,15.89
2022-01-04 00:00:00,168.09,213.67,39.08,31.68,48.46,28.41,18.6,2.71,13.09,9.59
2022-01-05 00:00:00,213.47,251.85,50.86,39.47,62.35,26.66,14.23,3.32,10.08,15.02
2022-01-06 00:00:00,78.05,98.38,22.55,24.32,31.27,29.94,10.59,1.29,10.85,6.12
2022-01-07 00:00:00,53.51,68.78,19.73,23.74,28.67,30.45,14.66,0.8,12.34,11.16
2022-01-08 00:00:00,37.17,41.53,16.76,23.12,25.93,31.24,4.11,0.13,12.32,2.19
2022-01-09 00:00:00,35.76,40.75,13.54,21.02,22.2,29.29,4.13,0.1,12.28,7.77
2022-01-10 00:00:00,62.57,80.63,17.56,22.27,26.13,27.53,9.12,1.15,13.44,9.61
2022-01-11 00:00:00,64.34,90.24,18.22,22.22,26.63,26.66,9.23,1.18,14.58,5.31
2022-01-12 00:00:00,80.62,107.55,17.39,20.81,25.21,27.13,9.15,1.05,16.29,5.55
2022-01-13 00:00:00,177.13,224.16,38.72,31.89,48.44,23.26,10.67,1.71,13.1,15.69
2022-01-14 00:00:00,131.86,176.9,25.37,24.75,33.79,25.47,13.29,1.67,12.5,8.96
2022-01-15 00:00:00,151.28,168.52,11.91,17.79,19.14,27.91,7.49,0.69,13.01,9.26
2022-01-16 00:00:00,199.07,213.43,14.29,19.27,21.87,28.46,5.94,1.41,14.97,12.55
2022-01-17 00:00:00,212.22,236.17,18.89,21.05,26.56,28.6,8.5,1.55,12.88,5.52
2022-01-18 00:00:00,192.07,213.23,11.67,17.84,18.98,29.4,7.73,0.93,14.38,7.71
2022-01-19 00:00:00,188.39,218.96,17.34,21.84,25.71,27.53,8.9,1.73,15.25,13.86
2022-01-20 00:00:00,195.17,226.22,24.48,25.02,33.21,27.99,11.88,1.66,12.66,18.08
2022-01-21 00:00:00,177.54,196.88,26.84,26.5,35.91,28.11,12.97,1.96,13.22,18.12
2022-01-22 00:00:00,153.8,157.23,17.02,21.89,25.46,30.15,9.16,0.39,12.71,12.77
2022-01-23 00:00:00,172.47,177.31,9.1,17.13,16.51,25.75,7.94,0.58,13.14,4.34
2022-01-24 00:00:00,172.09,174.79,6.76,15.35,13.66,23.5,9.57,0.91,12.38,8.21
2022-01-25 00:00:00,248.33,254.33,7.33,15.64,14.27,23.53,7.65,0.54,12.64,11.99
2022-01-26 00:00:00,296,281,6.14,14.55,12.73,23.53,7.31,0.15,14.33,5.94
2022-01-27 00:00:00,264,250,6.18,14.49,12.73,23.48,8.26,0.31,14.78,8.21
2022-01-28 00:00:00,388,369,8.17,16.7,15.53,23.42,9.42,0.53,18.47,12.75
2022-01-29 00:00:00,268,251,8.39,16.92,15.82,23.53,10.18,0.31,18.36,7.71
2022-01-30 00:00:00,280,275,9.03,18.11,17,23.4,12.95,0.59,22.8,5.94
2022-01-31 00:00:00,258.27,NA,10.13,18.86,18.27,23.59,22.9,2.3,13.42,8.37
2022-02-01 00:00:00,255.59,NA,9.79,18.94,18.02,23.56,33.94,3.23,15.29,12.01
2022-02-02 00:00:00,195.35,NA,10.55,19.63,19.01,23.5,22.92,1.1,19.61,11.25
2022-02-03 00:00:00,168.02,NA,10.45,19.55,18.9,23.41,23.13,1.18,14.53,8.32
2022-02-04 00:00:00,76.67,139.18,8.79,17.57,16.49,23.51,17.99,0.85,16.27,3.56
2022-02-05 00:00:00,139.8,216.31,8.26,17.23,15.88,23.4,31.58,2.52,18.17,11.42
2022-02-06 00:00:00,156.24,256.68,9.6,18.15,17.46,23.65,35.24,1.32,16.2,16.1
2022-02-07 00:00:00,130.28,237.91,39.13,22.05,42.3,15.93,21.27,1.54,14.31,8.79
2022-02-08 00:00:00,166.56,296.43,26.21,16.16,29.91,5.17,14.74,1.93,12.05,12.33
2022-02-09 00:00:00,114.61,187.08,20.26,17.25,25.76,4.2,14.76,0.86,6.51,10.2
2022-02-10 00:00:00,85.22,162.83,17.3,17.3,23.27,3.6,14.23,0.95,10.11,8.41
2022-02-11 00:00:00,87.88,167.29,17.41,17.27,23.35,NA,15.43,0.3,14.52,15.95
2022-02-12 00:00:00,92.25,169.65,20.2,17.6,25.79,NA,15.65,0.65,12.43,12.3
2022-02-13 00:00:00,141.63,269.58,41.4,21.12,44.9,NA,17.88,1.43,10.02,34.74
2022-02-14 00:00:00,119.98,243.38,39.72,20.94,43.43,NA,16.49,2.08,11.33,25.65
2022-02-15 00:00:00,121.94,278.2,58.17,23.2,59.63,NA,17.97,1.95,9.04,12.59
2022-02-16 00:00:00,141.56,262.56,NA,NA,NA,NA,17.82,0.86,10.55,12.16
2022-02-17 00:00:00,122.86,223.62,NA,NA,NA,NA,16.99,1.39,13.88,9.79
2022-02-18 00:00:00,115.53,217.49,NA,NA,NA,NA,16.57,1.68,8.1,14.44
2022-02-19 00:00:00,93.06,175.57,NA,NA,NA,NA,15.07,0.29,8.96,6.93
2022-02-20 00:00:00,79.91,138.19,NA,NA,NA,NA,15.19,0.25,14.75,NA
2022-02-21 00:00:00,69.86,164.65,NA,NA,NA,NA,17.02,1.08,10.38,NA
2022-02-22 00:00:00,99.02,234.7,NA,NA,NA,NA,20.7,1.21,15.29,2.88
2022-02-23 00:00:00,124.18,197.15,NA,NA,NA,NA,20.59,1.2,15.08,4.58
2022-02-24 00:00:00,165.75,271.78,NA,NA,NA,NA,21.87,0.78,23.17,8.51
2022-02-25 00:00:00,148.19,244.61,NA,NA,NA,NA,21.32,0.69,12.02,6.3
2022-02-26 00:00:00,29.38,61.16,NA,NA,NA,NA,16.15,0.46,10.78,1.77
2022-02-27 00:00:00,44.61,78.72,NA,NA,NA,NA,15.73,0.4,19.28,2.34
2022-02-28 00:00:00,46.77,87.3,NA,NA,NA,NA,16.85,0.35,24.94,3.76
2022-03-01 00:00:00,88.74,154.38,NA,NA,NA,NA,17.89,0.66,32.31,7.16
2022-03-02 00:00:00,114.11,220,NA,NA,NA,NA,20.06,1.36,25.75,10.09
2022-03-03 00:00:00,83.38,156.68,NA,NA,NA,NA,19.66,0.91,16.5,8.21
2022-03-04 00:00:00,98.8,153.72,NA,NA,NA,NA,17.32,0.26,24.76,12.17
2022-03-05 00:00:00,63.13,109.75,NA,NA,NA,NA,16.81,0.32,34.31,4.97
2022-03-06 00:00:00,94.56,160.97,NA,NA,NA,NA,21.04,0.77,54.64,11.24
2022-03-07 00:00:00,145.15,270.64,39.37,26.11,45.63,34.33,27.32,1.04,31.04,11.46
2022-03-08 00:00:00,127.65,229.29,25.82,16.21,29.47,27.39,23.82,0.55,34.6,19.1
2022-03-09 00:00:00,69.15,145.8,16.25,16.17,21.42,21.63,21.92,0.59,27.46,15.96
2022-03-10 00:00:00,66.55,135.22,14.27,16.53,19.94,21.02,21.76,0.34,32.96,5.8
2022-03-11 00:00:00,79.63,153.24,15.42,16.23,20.81,20.52,25.59,0.68,29.23,6.79
2022-03-12 00:00:00,74.61,145.98,18.99,18.09,24.74,21.44,22.15,0.67,26.06,6.29
2022-03-13 00:00:00,97.59,178.39,23.31,19.85,29.39,24.07,27.35,0.61,30.37,14.54
2022-03-14 00:00:00,139.48,242.25,31.08,18.67,35.12,28.03,23.99,1.29,34.15,28.07
2022-03-15 00:00:00,124.54,218.07,23.04,19.72,29.09,23.04,23.54,0.69,31.19,36.5
2022-03-16 00:00:00,110.63,188.69,17.17,18.72,23.72,19.79,19.18,0.53,26.95,20.07
2022-03-17 00:00:00,133,230.52,21.41,37.99,36.89,18.74,25.86,1.28,34.12,7.57
2022-03-18 00:00:00,151.94,224.14,19.13,28.83,30.75,18.92,21.48,1.35,28.1,17.81
2022-03-19 00:00:00,128.15,208.55,27.07,33.8,39.88,19.99,23.45,1.5,22.84,26.29
2022-03-20 00:00:00,116.36,206.96,29.12,34.35,41.87,20.5,28.98,1.13,22.79,17.36
2022-03-21 00:00:00,166.72,272.7,29.66,35.99,43,20.83,23.69,0.9,26.02,0
2022-03-22 00:00:00,87.99,164.76,14.79,26.35,25.79,18.04,23.47,0.5,24.63,0
2022-03-23 00:00:00,112.79,220.24,27.96,34.55,40.76,20.02,24.73,0.95,10.7,7.51
2022-03-24 00:00:00,153.39,298.08,49.9,44.76,64.27,23.85,23.72,1.3,16.87,21.73
2022-03-25 00:00:00,137.12,228.24,16.88,30.01,29.44,18.34,23.17,0.52,15.29,19.99
2022-03-26 00:00:00,135.19,223.2,14.88,27.17,26.3,17.88,26.99,0.5,21.17,22.22
2022-03-27 00:00:00,140.55,224.48,21.7,29.6,33.27,19.27,25.04,0.67,23.72,20.21
2022-03-28 00:00:00,168.45,272.91,42.56,42.3,57.03,22.76,22.98,0.58,19.69,22.61
2022-03-29 00:00:00,183.05,280.71,41.84,32.52,51.22,30.21,25.29,1.58,24.77,22.85
2022-03-30 00:00:00,135.4,233.86,43.43,36.66,54.69,47.91,43.43,3.45,37.8,13.49
2022-03-31 00:00:00,122.07,249.33,41.13,48.99,59.4,49.14,39.54,3.36,16.88,15.83
2022-04-01 00:00:00,56.28,136.17,19.13,31.02,31.87,41.04,20.87,1.2,11.56,11.41
2022-04-02 00:00:00,86.35,182.76,31.06,40.68,46.85,44.69,9.89,2.34,10.35,29.91
2022-04-03 00:00:00,91.15,170.44,25.18,34.11,38.5,42.2,10.04,2.02,9.81,27.15
2022-04-04 00:00:00,80.68,162.58,23.33,36.01,37.98,40.71,11.08,1.42,8.42,21.77
2022-04-05 00:00:00,76.07,146.22,24.78,35.7,38.97,41.72,7.58,1.61,10.67,10.48
2022-04-06 00:00:00,87.65,158.02,30.37,39.23,45.38,43.98,14.58,1.81,11.79,14.91
2022-04-07 00:00:00,88.47,179.08,31.09,42.89,47.92,44.85,11.93,1.95,11.66,24.53
2022-04-08 00:00:00,65.61,139.55,23.99,30.14,35.39,43.5,10.35,1.75,8.91,24.48
2022-04-09 00:00:00,64.28,144.45,26.72,29.32,37.17,44.95,12.68,2.11,8.28,29.5
2022-04-10 00:00:00,67.69,140.88,26.11,29.43,36.75,45.06,8.67,1.65,8.65,23.73
2022-04-11 00:00:00,72.98,137.15,25.59,29.26,36.19,44.96,11.66,1.63,8.24,18.51
2022-04-12 00:00:00,74.2,134.6,25.97,30.12,37.02,45.56,7.87,2.04,7.52,1
2022-04-13 00:00:00,90.78,207.56,32.86,33.07,44.27,47.44,9.07,2.54,8.84,1
2022-04-14 00:00:00,51.07,175.35,22.65,27.17,32.77,43.83,8.91,0.82,7.2,1
2022-04-15 00:00:00,49.24,126.13,24.07,28.68,34.72,44.04,11.52,1.23,8.38,1
2022-04-16 00:00:00,80.31,171.18,27.03,30.64,38.21,45.8,14.56,1.86,9.16,1
2022-04-17 00:00:00,96.8,176.59,29.15,33.8,41.58,46.67,9.65,1.81,8.98,1
2022-04-18 00:00:00,94.29,171.76,31.96,36.33,45.07,48.04,7.6,2.49,9.81,1
2022-04-19 00:00:00,112.48,211.77,31.68,36.1,44.75,48.21,14.86,2.03,9.32,1
2022-04-20 00:00:00,86.89,192.5,26.52,31.86,38.39,45.97,11.54,1.21,7.12,3.27
2022-04-21 00:00:00,98.26,341.56,14.09,30.37,26.99,23.63,18.86,1.36,17.73,8.25
2022-04-22 00:00:00,65.52,200.81,13.98,30.54,27.5,23.9,22.53,1.17,69.55,7.25
2022-04-23 00:00:00,107.16,240.73,16.89,34.28,31.76,24.12,22.67,1.59,52.73,7.86
2022-04-24 00:00:00,126.31,267.07,11.61,27.13,23.75,23.18,33.47,1.06,64.65,11.81
2022-04-25 00:00:00,85.09,236.09,11.23,26.81,23.19,23.13,22.41,0.85,72.39,6.23
2022-04-26 00:00:00,76.93,194.02,11.43,29.3,24.77,28.7,10.56,1.18,44.73,7.52
2022-04-27 00:00:00,151.02,273.56,14.4,37.49,31.59,35.85,19.28,1.97,52.32,11.79
2022-04-28 00:00:00,161.66,301.05,15.07,39.31,33.14,35.89,7.42,2.21,48.16,11.03
2022-04-29 00:00:00,151.62,297.33,13.01,35.9,29.68,35.49,11.93,1.78,35.58,10.06
2022-04-30 00:00:00,120.97,234.2,13.54,36.4,30.33,35.92,13.03,1.62,33.9,12.15
2022-05-01 00:00:00,122.27,303.09,14.11,37.72,31.5,36.02,17.63,1.62,34.26,12.49
2022-05-02 00:00:00,102.95,252.11,13.63,37.45,30.91,35.98,12.88,1.22,33.11,3.21
2022-05-03 00:00:00,109.84,305.39,11.69,31.74,26.32,35.37,8.4,1.17,33.26,3.17
2022-05-04 00:00:00,82.34,201.01,12.85,34.08,28.55,35.56,16.03,1.19,22.08,3.29
2022-05-05 00:00:00,110.12,199.65,12.61,33.57,28.08,35.38,14.48,1.24,41.33,3.11
2022-05-06 00:00:00,141.46,289.36,16.24,38.6,33.69,36.99,6.5,1.86,30.58,6.88
2022-05-07 00:00:00,122.4,245.18,17.06,41.48,35.9,36.57,12.53,1.84,37.55,9.59
2022-05-08 00:00:00,125.46,233.88,12.89,32.47,27.72,35.53,10.92,1.36,45.69,8.05
2022-05-09 00:00:00,108.11,189.83,12.04,32.35,26.94,35.16,14.9,1.26,31.97,7.23
2022-05-10 00:00:00,72.25,150.89,12.82,33.29,28.07,35.56,12.76,1.25,25.57,8.61
2022-05-11 00:00:00,69.94,150.88,13.27,33.48,28.54,35.05,14.07,1.24,36.72,6.19
2022-05-12 00:00:00,83.69,180.29,13.84,34.99,29.78,35.82,12.99,1.41,33.72,4.92
2022-05-13 00:00:00,85.37,190.04,14.61,35.98,30.98,36.09,18.59,1.41,51.11,8.69
2022-05-14 00:00:00,101.83,229.99,17.42,41.74,36.28,37.74,13.16,2.16,47.57,13.03
2022-05-15 00:00:00,94.67,241.81,18.27,43.42,37.92,37.46,17.68,2.11,32.97,11.88
2022-05-16 00:00:00,83.1,333.72,12.76,33.9,28.34,35.75,10.89,1.16,34.34,6.33
2022-05-17 00:00:00,66.8,209.74,12.88,32.7,27.8,35.95,14.84,1.11,49.07,2.99
2022-05-18 00:00:00,77.11,219.75,12.55,33.21,27.79,35.98,12.02,1.13,39.08,4.95
2022-05-19 00:00:00,97.56,251.01,9.38,28.16,22.49,34.55,16.07,1.43,41.77,9.36
2022-05-20 00:00:00,83.49,280.4,10.4,30.25,24.48,35.07,8.29,1.26,37.83,8.34
2022-05-21 00:00:00,67.08,304.29,11.57,34.29,27.57,35.28,11.97,0.8,33.12,8.62
2022-05-22 00:00:00,63.36,185.28,10.36,31.2,24.89,34.56,12.27,0.99,44.29,11.95
2022-05-23 00:00:00,35.29,99.72,9.93,28.84,23.35,34.61,12.44,0.84,29.27,6.28
2022-05-24 00:00:00,39.41,90.4,9.74,29.17,23.37,34.62,12.57,0.96,17.94,7.42
2022-05-25 00:00:00,97.52,178.73,9.79,28.59,23.08,35.08,12.97,1.19,32.57,11.71
2022-05-26 00:00:00,111.53,207.28,10.78,30.93,25.15,35.58,6.67,1.46,43.07,12.81
2022-05-27 00:00:00,93.11,215.39,11.21,33.51,26.86,35.27,8.46,1.19,18.14,8.08
2022-05-28 00:00:00,95.77,277.29,11.95,35.43,28.49,36.04,10.83,0.96,17.4,8.45
2022-05-29 00:00:00,112.17,284.95,12.17,35.56,28.7,36.16,11.77,0.89,33.12,12.51
2022-05-30 00:00:00,111.31,238.51,11.47,34.49,27.53,35.85,13.2,1.25,19.57,9.7
2022-05-31 00:00:00,125,326.67,10.82,32.78,26.16,34.98,10.63,1.67,24.16,11.11
2022-06-01 00:00:00,80.15,228.75,11.24,32.82,26.51,35.45,8.7,1.64,31.53,8.54
2022-06-02 00:00:00,79.52,231.29,11.82,34.74,27.97,35.39,7.55,1.33,26.6,3.53
2022-06-03 00:00:00,90.26,226.34,12.88,37.71,30.44,36.45,13.5,1.7,56.26,5.56
2022-06-04 00:00:00,80.96,213.52,12.21,35.38,28.68,36.11,17.86,1.68,44.7,7.14
2022-06-05 00:00:00,54.8,195.08,11.19,34.24,27.26,35.44,17.19,1.09,31.23,6.68
2022-06-06 00:00:00,56.26,183.8,12.6,38.33,30.45,36.25,7.21,1.27,40.22,7.86
2022-06-07 00:00:00,88.62,302.42,12.52,38.21,30.41,36.22,14.14,1.07,27.45,5.05
2022-06-08 00:00:00,78.4,310.78,13.03,38.53,31,36.08,8.71,0.94,25.68,5.66
2022-06-09 00:00:00,59.54,226.73,13.56,41.33,32.85,36.5,13.6,0.95,27.21,2.81
2022-06-10 00:00:00,77.34,295.62,13.36,40.23,32.14,36.67,10.99,0.99,18.39,2.89
2022-06-11 00:00:00,71.22,249.28,11.72,36.58,28.92,36.18,14.08,0.84,23.32,5.67
2022-06-12 00:00:00,76.75,237.62,11.81,36.89,29.13,36.29,11.21,0.96,27.1,10.7
2022-06-13 00:00:00,53.32,185.86,14.57,42.62,34.41,37,15.61,0.78,27.62,3.58
2022-06-14 00:00:00,58.54,217.88,13.57,41.46,32.98,36.59,11.39,0.68,27.78,3.16
2022-06-15 00:00:00,40.23,113.41,14.07,41.85,33.63,36.69,9.95,0.72,22.82,1.75
2022-06-16 00:00:00,41.02,116.53,16.56,56.12,43.18,31.01,13.44,0.73,19.76,2.18
2022-06-17 00:00:00,35.76,84.58,24.39,69.09,56.14,16.27,11.98,1.01,8.99,1.7
2022-06-18 00:00:00,45.53,81.86,19.84,54.44,44.69,12.63,18.51,0.85,3.72,8.9
2022-06-19 00:00:00,43.16,87.16,10.37,26.69,22.38,7.34,47,0.77,15.29,2.28
2022-06-20 00:00:00,54.31,118.97,14.06,31.53,28.12,22.44,32.27,0.96,20.54,6.12
2022-06-21 00:00:00,61.36,130.22,15.45,36.53,31.78,40.21,44.31,1.32,11.03,2.16
2022-06-22 00:00:00,57.52,129.64,15.36,42.67,27.18,47.52,52.87,1,16.27,5.13
2022-06-23 00:00:00,57.92,144.11,15.05,56.27,23.49,37.48,37.59,0.8,29.21,2.13
2022-06-24 00:00:00,69.4,174.13,16.13,57.05,24.71,38.27,52.18,0.8,38.21,5.53
2022-06-25 00:00:00,84.21,214.13,25.84,71.57,34.19,41.44,54.42,1.16,48.42,7.4
2022-06-26 00:00:00,70.92,141.49,19.47,64.18,28.28,39.55,68.38,0.84,13.33,7.67
2022-06-27 00:00:00,66.78,120.06,19.07,62.24,27.49,39.53,49.33,0.79,17.77,1.59
2022-06-28 00:00:00,90.56,159.74,16.93,47.94,22.59,38,43.56,0.86,15.6,4.1
2022-06-29 00:00:00,68.49,149.15,15.75,38.8,19.28,36.84,38.79,0.76,14.93,5
2022-06-30 00:00:00,49.26,80.44,16.08,33.85,18.29,36.8,52.15,0.81,10.14,5.15
2022-07-01 00:00:00,43.2,77.21,15.82,27.97,16.64,36.48,40.76,0.82,9.83,3.64
2022-07-02 00:00:00,48.38,90.33,14.3,25.95,15.16,35.89,61.24,0.86,10.21,11.82
2022-07-03 00:00:00,36.85,62.6,15.81,25.64,16.08,36,57.11,0.75,10.46,13.43
2022-07-04 00:00:00,74.68,127.59,15.95,23.91,15.68,36.3,44.65,1.03,11.1,9.82
2022-07-05 00:00:00,79.63,128.33,16.81,27.04,16.99,36.7,20.43,0.99,17.14,7.86
2022-07-06 00:00:00,58.37,94.27,16.68,27.46,17.03,36.63,43.73,0.96,38.79,8.26
2022-07-07 00:00:00,46.02,84.56,17.08,27.64,17.3,36.66,32.96,0.93,45.66,8.81
2022-07-08 00:00:00,45.23,85.89,16.07,26.88,16.58,36.29,42.41,0.98,46.02,7.49
2022-07-09 00:00:00,50.29,91.25,17.37,26.94,17.13,36.75,37.61,0.94,44.96,9.8
2022-07-10 00:00:00,41.03,90.07,12.61,20.18,12.71,35.18,46.89,0.89,43.38,8.8
2022-07-11 00:00:00,54.28,110.89,14.5,23.21,14.48,35.63,43.06,1.03,45.7,3.94
2022-07-12 00:00:00,46.73,120.4,16.33,24.15,15.95,36.31,29.42,1.19,44.09,8.1
2022-07-13 00:00:00,42.34,99.1,17.43,26.66,16.98,36.07,47.49,1.03,43.54,3.79
2022-07-14 00:00:00,37.11,119.13,15.63,26.79,16.24,36.13,22.94,0.92,42.51,10.68
2022-07-15 00:00:00,32.99,82.37,17.77,29.71,18.25,36.78,15.15,0.88,44.3,8.24
2022-07-16 00:00:00,34.93,67.42,16.25,26.51,16.55,35.61,17.25,1.02,42.57,10.54
2022-07-17 00:00:00,34.94,92.52,11.68,19.86,12.1,34.19,15.59,0.91,41.53,11.88
2022-07-18 00:00:00,52.77,129.26,11.7,16.73,9,32.7,17.08,1,42.42,8.86
2022-07-19 00:00:00,52.57,102.91,12.34,15.63,7.34,31.26,14.96,1.06,44.25,7.03
2022-07-20 00:00:00,40.57,83.39,18.09,30.06,18.55,36.92,18.45,0.94,41.98,5.15
2022-07-21 00:00:00,59.32,134.76,16.22,26.21,16.43,36.41,18.5,1.03,41.2,2.75
2022-07-22 00:00:00,57.44,98.64,15.22,25.02,15.55,36.02,22.01,1.11,40.74,7.97
2022-07-23 00:00:00,33.63,58.58,16.52,26.53,16.79,36.74,20.26,0.95,40.53,9.87
2022-07-24 00:00:00,28.61,53.06,18.57,29.1,18.62,37.08,18.67,0.92,40.3,4.1
2022-07-25 00:00:00,27.25,49.08,17.96,28.38,17.93,36.89,20.33,0.9,40.33,1.56
2022-07-26 00:00:00,30.38,52.07,18.91,29.41,18.84,37.38,18.65,0.92,40.26,2.44
2022-07-27 00:00:00,34.12,54.89,20.1,32.48,20.28,37.67,17.79,0.92,38.48,2.3
2022-07-28 00:00:00,22.6,41.61,18.51,29.16,18.5,37.28,18.59,0.88,43.62,3.89
2022-07-29 00:00:00,17.6,36.73,19.31,30.93,19.56,37.65,22.37,0.83,46.74,4.62
2022-07-30 00:00:00,20.11,45.81,13.52,22.79,14.02,35.63,22.14,0.84,38.64,5.04
2022-07-31 00:00:00,24.7,49.72,18.23,29.9,18.61,37.36,22.36,0.86,42.42,2.87
2022-08-01 00:00:00,24.71,54.27,17.96,30.36,18.54,36.83,22.19,0.71,27.94,5.92
2022-08-02 00:00:00,30.89,70.27,14.68,24.63,15.07,35.6,20.07,0.91,43.77,5.53
2022-08-03 00:00:00,52.25,111.94,14.23,23.14,14.41,35.58,21.01,1.67,40.9,8.1
2022-08-04 00:00:00,51.32,91.61,12.74,21.79,13.25,34.87,25.49,1.25,35.18,5.55
2022-08-05 00:00:00,43.18,66.94,12.79,19.48,12.68,35.06,27.01,1.08,33.27,4.15
2022-08-06 00:00:00,57.15,99.45,12.92,20.81,13.09,34.89,23.58,1.32,33.22,4.5
2022-08-07 00:00:00,48.27,91.15,12.63,20.31,12.73,35.02,2.53,1.28,33.36,1.95
2022-08-08 00:00:00,51.33,96.15,13.37,21.43,13.51,35.3,28.61,1.18,37.8,1.86
2022-08-09 00:00:00,47.14,90.33,15.69,24.84,15.74,35.99,36.39,1.15,41.15,2.2
2022-08-10 00:00:00,27.98,64.67,17.72,26.68,17.47,36.96,33.17,0.99,38.23,1.9
2022-08-11 00:00:00,20.7,44,17.52,29.51,18.04,36.63,36.11,0.58,6.81,2.04
2022-08-12 00:00:00,26.61,53.65,16.03,21.81,15.16,44.96,18.53,1.16,6.04,1.73
2022-08-13 00:00:00,37.63,56.62,12.34,12.45,10.51,47.89,12.34,1.98,4.66,2.54
2022-08-14 00:00:00,36.03,57.97,11.19,12.36,9.8,41.01,14.63,0.69,20.01,10.12
2022-08-15 00:00:00,26.34,44.72,10.9,11.43,9.34,38.08,11.33,0.55,41.8,12.17
2022-08-16 00:00:00,20.11,42.53,11.95,12.29,10.22,44.83,13.17,0.54,42.19,12.77
2022-08-17 00:00:00,17.87,33.17,11.47,12.49,9.98,47.46,11.98,0.56,41.66,4.65
2022-08-18 00:00:00,23.59,44.87,13.46,14.85,11.8,54.58,13.18,0.56,41.98,4.38
2022-08-19 00:00:00,21.5,40.98,15.01,14.81,12.71,66.16,12.32,0.4,41.62,4.27
2022-08-20 00:00:00,36.62,68.8,13.84,13.91,11.73,57.1,14.03,0.67,41.57,23.28
2022-08-21 00:00:00,54.97,97.68,14.13,14.84,12.12,56.43,11.56,0.55,41.84,12.87
2022-08-22 00:00:00,42.23,75.48,15.1,14.62,12.69,60.65,14.65,0.58,40.98,4.51
2022-08-23 00:00:00,30.54,52.22,14.52,29.45,12.65,62.3,17.01,0.49,40.32,1.87
2022-08-24 00:00:00,29.4,48.13,16.47,39.92,19.9,51.56,17.51,0.6,46.55,4.83
2022-08-25 00:00:00,41.46,77.77,16.75,29.8,29.43,28.12,18.82,0.58,43.24,15.22
2022-08-26 00:00:00,39.39,78.35,16.79,31.09,30.11,28.03,18.76,0.5,23.82,11.77
2022-08-27 00:00:00,34.78,79.97,17.54,31.09,30.75,28.45,17.75,0.42,31.1,9.34
2022-08-28 00:00:00,40.41,106.91,16.63,30.13,29.43,28,19.31,0.44,20.23,15.32
2022-08-29 00:00:00,47.19,110.66,16.74,30.14,29.54,28.05,15.81,0.63,31.36,14.92
2022-08-30 00:00:00,55.23,105.3,17.81,38.02,34.09,29.9,7.21,0.85,9.84,4.74
2022-08-31 00:00:00,45.58,92.06,17.17,43.32,36.9,32.23,7.54,0.68,52.44,5.53
2022-09-01 00:00:00,50.25,90.78,17.59,58.14,45.1,33.4,8.73,0.77,24.19,4.03
2022-09-02 00:00:00,50.45,97.31,18.25,61.65,47.43,33.4,7.96,1.43,37.58,9.52
2022-09-03 00:00:00,34.84,73.32,16.73,50.12,40.14,32.93,8.33,0.68,69.8,9.04
2022-09-04 00:00:00,27.64,58.21,17.31,49.44,40.27,33.01,6.12,0.65,85.39,7.72
2022-09-05 00:00:00,29.9,64.55,18.05,51.13,41.68,33.19,7.26,0.6,81.83,2.43
2022-09-06 00:00:00,44.91,96.26,19.45,56.11,45.42,33.66,10.21,0.85,55.21,7.05
2022-09-07 00:00:00,54.35,103.43,21.32,63.24,50.62,34.28,13.01,0.84,61.28,3.36
2022-09-08 00:00:00,73.65,120.12,19.85,55.93,45.75,33.64,11.46,1.13,54.7,7.21
2022-09-09 00:00:00,70.07,99.53,18.75,55.09,44.33,33.42,9.77,1.01,58.78,3.82
2022-09-10 00:00:00,64.95,88.99,17.65,50.25,40.97,33.1,7.59,1.01,41.47,10.78
2022-09-11 00:00:00,42.48,72.99,17.49,49.24,40.31,33.05,7.11,0.77,43.43,7.69
2022-09-12 00:00:00,34.52,56.81,17.4,47.03,39.05,32.78,11.13,1.08,42.99,6.63
2022-09-13 00:00:00,22.46,46.34,18.1,49.44,40.91,32.89,9.83,0.76,33.27,2.25
2022-09-14 00:00:00,23.32,46.96,17.72,47.41,39.54,33.2,10.71,0.81,35.28,1.96
2022-09-15 00:00:00,21.68,33.99,18.35,49.53,41.14,33,8.92,0.57,36.38,2.83
2022-09-16 00:00:00,22.83,36.2,16.34,43.03,36,28.64,8.11,1.21,3.65,2.17
2022-09-17 00:00:00,43.62,89.28,11.43,18.88,19.15,20.36,13.3,1,8.8,1.06
2022-09-18 00:00:00,64.52,126.56,11.29,16.06,17.33,18.88,11.14,1.63,20.44,1.24
2022-09-19 00:00:00,88.67,158.47,9.78,18.89,17.9,19.99,12.6,1.66,9.37,2.09
2022-09-20 00:00:00,65.18,110.35,9.38,19.22,17.77,22.47,13.53,2,9.28,2.37
2022-09-21 00:00:00,55.62,92,9.71,19.43,18.17,24.55,12.97,1.37,20.62,2.79
2022-09-22 00:00:00,32.79,48.38,10.64,18.8,18.53,19.81,14.43,0.97,20.94,3.04
2022-09-23 00:00:00,38.08,47.1,10.47,17.14,17.47,19.67,13.02,1.17,21.02,3.73
2022-09-24 00:00:00,33.54,43.71,9.85,18.87,17.97,20.07,13.48,0.95,20.93,6.85
2022-09-25 00:00:00,30.22,52.22,10.47,17.71,17.77,19.45,15.12,0.82,21.03,7.13
2022-09-26 00:00:00,65.46,126.32,9.94,19.64,18.38,20.31,13.57,1.7,28.27,7.7
2022-09-27 00:00:00,50.42,118.34,9.05,18.71,17.23,20.57,14.34,1.23,56.52,8.2
2022-09-28 00:00:00,71.28,163.58,11.37,17.78,18.55,19.7,9.86,1.45,68.27,11.68
2022-09-29 00:00:00,83.53,154.38,10.88,17.63,18.05,19.67,11.29,1.56,75.91,11.09
2022-09-30 00:00:00,103.06,177.99,11.81,17.15,18.46,19.34,14.04,1.46,75.05,7.85
2022-10-01 00:00:00,99.1,163.84,9.71,18.83,17.84,20.47,11.16,2.24,73.55,11.55
2022-10-02 00:00:00,76.28,140.45,8.81,19.39,17.43,20.38,13.62,1.62,83.13,14.64
2022-10-03 00:00:00,43.71,95.53,9.02,20.22,18.06,20.26,15.48,0.77,89.46,12.52
2022-10-04 00:00:00,65.08,133.59,8.91,19.46,17.55,20.55,14.57,1.3,70.92,14.63
2022-10-05 00:00:00,103.84,167.34,9.63,19.85,18.3,20.28,12.51,1.71,48.36,13.12
2022-10-06 00:00:00,32.08,62.43,13.58,39.61,31.62,86.49,15.12,1.05,38.81,8.21
2022-10-07 00:00:00,39.16,71.42,13.1,43.93,33.09,205.12,10.46,1.09,36.9,7.17
2022-10-08 00:00:00,46,64.25,13.97,58.14,41.76,236.5,11.65,0.68,33.62,8.82
2022-10-09 00:00:00,34.8,41.3,13.03,44.5,33.52,217.7,12.9,0.55,35.38,1.54
2022-10-10 00:00:00,41.33,53.67,13.2,53.7,38.99,218.9,11.77,0.88,35.39,2.21
2022-10-11 00:00:00,67.32,115.71,14.26,79.65,53.42,244.59,12.72,1.95,40.77,4.93
2022-10-12 00:00:00,107.21,191.73,14.25,70.56,48.39,238.24,10.06,1.53,58.79,15.68
2022-10-13 00:00:00,94.98,186.09,13.15,40.53,31.08,248.76,8.87,0.9,67.54,9.93
2022-10-14 00:00:00,116.63,199.06,12.46,27.46,23.58,228.3,11.91,1.05,78.22,10.98
2022-10-15 00:00:00,95.37,202.09,14.21,66.52,45.97,284.71,12.04,1.97,78.33,12.58
2022-10-16 00:00:00,118.35,226.01,17.92,116.63,94.32,345.49,13.25,2.63,49.17,15.99
2022-10-17 00:00:00,111.83,217.52,21.45,207.4,142.88,344.19,17.38,2.87,51.36,17.54
2022-10-18 00:00:00,104.76,211.41,23.57,163.3,126.58,349.08,16.57,3.9,46.54,11.03
2022-10-19 00:00:00,111.5,230.22,27.41,133.84,215.62,228.69,13.36,4.78,50.83,12.25
2022-10-20 00:00:00,119.88,231.86,21.17,146.77,101.45,237.42,15,3.36,49.3,9.17
2022-10-21 00:00:00,130.91,242.36,21,96.69,68.39,151.87,13.71,3.53,32.29,11.69
2022-10-22 00:00:00,135.33,234.24,16.35,48.3,38.89,116.77,14.54,2.09,33.33,16.15
2022-10-23 00:00:00,136.73,220.69,92.75,120.51,109.79,95.53,33.09,2.66,34.2,10.57
2022-10-24 00:00:00,194.48,286.22,27.49,93.87,72.27,48.21,43.14,1.79,30.56,10.3
2022-10-25 00:00:00,156.79,241.68,25.51,93.55,70.51,63.68,30.42,1.93,33.94,10.66
2022-10-26 00:00:00,143.66,213.89,65.41,194.98,164.1,61.58,10.07,2.91,40.61,8.44
2022-10-27 00:00:00,185.53,256.96,92.78,217.81,198.48,98.32,12.82,3.85,38.62,13.13
2022-10-28 00:00:00,219.41,294.75,110.75,137.39,163.13,157.7,13.93,5.22,27.04,17.33
2022-10-29 00:00:00,238.92,315.02,97.92,125,147.06,140.21,12.82,4.9,31.59,20.26
2022-10-30 00:00:00,189.38,261.22,107.34,126.01,154.29,161.69,11.95,4.3,29.8,14.83
2022-10-31 00:00:00,247.26,315.62,102.42,130.69,152.79,159.28,10.99,4.87,27.44,11.84
2022-11-01 00:00:00,246.54,320.25,126.7,150.69,183.17,190.52,12.46,5.89,33.64,15.77
2022-11-02 00:00:00,259.79,324.99,55.22,84.05,89.59,114.59,9.09,2.71,24.94,12.4
2022-11-03 00:00:00,415.06,485.9,65.44,96.21,104.38,111.22,13.6,4.18,28.73,16.2
2022-11-04 00:00:00,299.73,359.99,106.49,112.24,146.28,191.83,7.24,5.24,15.73,17.55
2022-11-05 00:00:00,179.23,224.58,53.26,55.92,73.05,101.75,7.54,2.56,15.95,12.96
2022-11-06 00:00:00,160.88,209.61,50.11,58.46,71.83,105.23,8.29,2.62,16.06,17.79
2022-11-07 00:00:00,169.42,237.71,75.34,72.48,99.14,145.61,2.13,3.47,16.35,7.61
2022-11-08 00:00:00,204.48,279.43,78.73,91.47,111.9,132.53,7.13,2.84,19.01,4.72
2022-11-09 00:00:00,98.72,138.13,139.22,187.09,173.78,54.81,13.18,3.25,20.6,8.79
2022-11-10 00:00:00,134.36,182.82,122.9,182,174.37,97.15,8.57,2.6,23.57,13.45
2022-11-11 00:00:00,149.99,190.16,67.83,123.25,120.71,71.85,9.47,1.64,27.4,10.27
2022-11-12 00:00:00,159.63,189.22,58.67,120.14,111.6,61.8,10.4,1.52,30.55,11.32
2022-11-13 00:00:00,126.39,155.22,78.68,130.89,132.49,58.2,9.69,1.74,26.13,17.18
2022-11-14 00:00:00,112.1,140.54,102.99,165.2,171.6,88.42,4.53,2.3,10.92,16.39
2022-11-15 00:00:00,74.26,92.87,123.4,160.12,172.88,116.49,8.93,2.09,15.06,10.21
2022-11-16 00:00:00,106.55,134.04,40.23,57.68,63.39,42.72,8.03,0.74,15.53,15.59
2022-11-17 00:00:00,160.48,212.28,42.78,65.26,69.49,46.42,6.91,0.98,18.18,10.1
2022-11-18 00:00:00,175.34,238.57,69.61,116.52,118.57,39.29,7.92,1.68,18.1,19.23
2022-11-19 00:00:00,162.6,247.86,114.69,197.87,198.49,58.85,9.23,2.63,14.3,26.93
2022-11-20 00:00:00,185.91,257.04,72.39,125.65,125.68,50.63,8.03,1.58,18.08,19.59
2022-11-21 00:00:00,171.96,235.67,57.49,98.55,99.15,43.5,9.46,1.37,18.2,15.11
2022-11-22 00:00:00,85.93,142.27,45.69,77.57,78.41,40.36,9.76,1.02,18.68,10.43
2022-11-23 00:00:00,71.11,124.66,53.32,88.65,90.82,38.56,6.8,1.13,18.02,13.11
2022-11-24 00:00:00,88.48,152.38,65.45,108.63,110.99,39.56,8.09,1.45,19.1,7.91
2022-11-25 00:00:00,112.12,186.5,107.04,188.41,187.24,55.85,8.63,2.58,17.59,14.63
2022-11-26 00:00:00,203.82,292.88,87.04,153.03,151.49,50.22,9.18,2.23,17.21,20.05
2022-11-27 00:00:00,153.23,233.63,100.26,173.37,173.72,57.14,8.9,2.44,17.74,18.68
2022-11-28 00:00:00,154.68,251.98,164.36,248.52,245.44,64.8,7.1,3.72,6.5,26.76
2022-11-29 00:00:00,182.16,287,157.12,272.12,269.95,82.08,11.38,4.25,12.46,22.93
2022-11-30 00:00:00,194.45,284.43,93.86,169.3,166.36,70.38,10.86,2.39,15.68,15.16
2022-12-01 00:00:00,236.85,328.07,86.94,156.98,154.18,60.52,10.46,2.47,17,18.71
2022-12-02 00:00:00,219.37,305.64,111.09,200.53,193.75,59.21,9.43,2.96,15.45,10.99
2022-12-03 00:00:00,292.32,385.64,139.53,247.61,245.15,65.98,10.67,3.62,13.35,11.67
2022-12-04 00:00:00,274.31,360.53,94.03,165.64,164.55,70.45,10.05,2.13,17.17,15.11
2022-12-05 00:00:00,218.28,299.76,83.07,146.25,145.33,54.77,12.14,1.83,14.68,15.68
2022-12-06 00:00:00,214.08,289.35,44.25,87.67,82.6,58.75,10.53,0.55,16.9,11.66
2022-12-07 00:00:00,147.24,202,34.45,60.89,60.4,48.68,9.89,0.25,19.17,7.82
2022-12-08 00:00:00,99.06,168.56,52.35,92.96,92.02,45.69,11.79,0.74,17.48,10.44
2022-12-09 00:00:00,122.27,203.65,100.4,156.05,150.24,55.87,13.1,1.9,13.6,15.77
2022-12-10 00:00:00,168.41,261.55,127.09,216.38,218.42,79.66,11.21,2.07,10.93,29.73
2022-12-11 00:00:00,115.77,178.15,59.95,100.23,102.04,49.69,11.66,0.29,11.14,13.36
2022-12-12 00:00:00,84.87,134.54,48.31,83.33,83.59,51.8,9.38,0.2,12.72,8.43
2022-12-13 00:00:00,61.96,107.65,37.48,58.85,61.68,41.4,9.6,0.91,19.3,7.32
2022-12-14 00:00:00,74.33,113.72,36.59,55.54,59.29,43.47,6.71,0.79,25.91,12.79
2022-12-15 00:00:00,55.45,104.24,43.14,77.43,76.25,37.38,8.37,1.07,22.2,15.91
2022-12-16 00:00:00,88.46,145.64,65.02,117.4,115.31,35.15,9.66,1.9,22.27,14.09
2022-12-17 00:00:00,162.54,222.73,103.62,129.44,148.93,65.11,7.87,2.64,18.87,16.47
2022-12-18 00:00:00,294.72,365.82,202.65,96.53,217.08,113.62,8.58,2.88,22.23,20.02
2022-12-19 00:00:00,240.16,315.48,230.85,96.08,254.9,123.23,7.18,2.95,17.56,16.16
2022-12-20 00:00:00,207.1,274.41,189.33,86.53,209.44,98.53,8.29,2.66,17.7,17.39
2022-12-21 00:00:00,162.12,218.78,139.75,56.75,143.8,103.84,7.11,1.45,11.73,11.05
2022-12-22 00:00:00,146.57,211.85,163.5,69.56,169.8,105.07,9.23,0.92,12.23,15.91
2022-12-23 00:00:00,182.59,219.12,156.29,71.52,165.11,89.46,8.22,0.45,14.43,13.92
2022-12-24 00:00:00,163.03,182.81,130.69,55.16,135.59,81.25,10.13,0.5,13.93,13.13
2022-12-25 00:00:00,156.05,173.28,83.2,35.23,86.37,76.11,8.04,0.5,13.41,8.08
2022-12-26 00:00:00,168.56,181.22,115.87,51.99,121.85,81.21,7.87,1.63,9.11,10.16
2022-12-27 00:00:00,165.81,175.43,82.29,52.88,95.03,86.22,8.58,1.64,12.82,2.86
2022-12-28 00:00:00,129.53,134.78,85.27,45.46,93.51,72.93,8.78,1.42,22.08,0.21
2022-12-29 00:00:00,173.49,180.08,127.12,73.61,142.51,78.23,9.14,1.91,21.5,3.23
2022-12-30 00:00:00,202.05,207.68,202.56,67.89,203.46,94.33,8.52,2.74,11.68,14.49
2022-12-31 00:00:00,127.56,132.05,100.26,25.57,95.12,118.22,8.07,1.21,16.59,11.96
2023-01-01 00:00:00,138.7048611,167.2638889,142.8318182,47.21180556,152.0105072,95.22992424,8.306746032,2.007743056,22.58888889,11.28361111
2023-01-02 00:00:00,292.0833333,361.4201389,139.2732639,52.08888889,140.9392361,118.3628472,8.173611111,1.6175,10.68888889,11.73003472
2023-01-03 00:00:00,284.0902778,366.8402778,103.0611111,36.83194444,103.3864583,106.4697917,9.490625,1.038611111,12.28680556,9.743958333
2023-01-04 00:00:00,222.8333333,286.8715278,89.38263889,33.78819444,90.64131944,97.46493056,7.804513889,0.289473684,14.43888889,10.35152778
2023-01-05 00:00:00,268.9375,352.9861111,145.7868056,55.975,148.2947917,91.31527778,9.584027778,2.499772727,11.18541667,12.38163194
2023-01-06 00:00:00,311.6006944,441.6319444,105.1805556,55.62534722,115.0986111,102.3701389,10.09548611,1.531631944,11.5,12.08010417
2023-01-07 00:00:00,290.5104167,413.4618056,124.7642361,57.13263889,131.8239583,85.06770833,12.26076389,1.959618056,11.775,15.84965278
2023-01-08 00:00:00,325.365942,436.9756944,145.2315972,57.88923611,148.8701389,91.06770833,11.15972222,2.435729167,12.97326389,16.18583333
2023-01-09 00:00:00,479.8452381,618.5416667,195.2086806,86.87673611,205.7850694,116.8732639,10.14826389,3.526041667,8.482986111,21.05052083
2023-01-10 00:00:00,332.7465278,410.8333333,156.1350694,49.29027778,153.1583333,109.403125,8.659375,2.393923611,15.46805556,17.07434028
2023-01-11 00:00:00,278.0416667,338.0555556,116.1805556,47.60798611,119.7756944,96.27847222,9.087152778,1.509548611,16.67986111,9.779201389
2023-01-12 00:00:00,313.5173611,385.4375,139.3875,44.21875,136.8388889,95.32361111,7.525694444,1.989444444,16.57708333,11.13850694
2023-01-13 00:00:00,334.0694444,402.3194444,125.3163194,42.36736111,124.4114583,115.175,8.943402778,2.092326389,16.83645833,13.348125
2023-01-14 00:00:00,224.9756944,280.3125,79.15590278,19.70243056,74.81631944,113.5506944,7.58125,0.981458333,38.69826389,8.518993056
2023-01-15 00:00:00,103.3478261,158.8586957,69.4452381,20.28928571,67.06011905,85.30119048,15.81493056,0.954930556,46.81597222,9.086309524
2023-01-16 00:00:00,179.5694444,250.2326389,166.700641,125.2083333,201.9788462,151.6102564,10.00138889,1.559166667,38.87534722,10.78653846
2023-01-17 00:00:00,176.3020833,245.7291667,182.8477273,167.4354167,206.8789683,161.778125,7.177430556,1.781354167,35.69895833,13.58715278
2023-01-18 00:00:00,232.4652778,330.8298611,213.7632353,230.8628788,245.4307292,193.1427083,9.280208333,2.807118056,33.19548611,18.05315972
2023-01-19 00:00:00,228.7651515,338.4621212,206.4815217,213.234375,258.6390152,225.5704861,9.525,1.942048611,34.57638889,15.55347222
2023-01-20 00:00:00,108.5173611,163.75,128.5357639,76.32638889,141.54375,190.0708333,8.626041667,0.880069444,37.08506944,6.521493056
2023-01-21 00:00:00,255.7256944,353.0555556,238.3743056,167.8795139,279.2604167,217.28125,8.921212121,1.915868056,23.15451389,13.88967391
2023-01-22 00:00:00,283.4583333,377.8055556,221.8199275,176.6125,255.2223485,240.7982639,9.364236111,1.946006944,27.68194444,13.59576389
2023-01-23 00:00:00,202.2986111,307.5729167,237.7145833,201.7528986,270.7491667,210.242029,9.78125,2.637395833,29.88298611,13.08128472
2023-01-24 00:00:00,143.5347222,196.8506944,275.3927083,156.8423611,299.7440972,224.2868056,7.740972222,1.243645833,14.95451389,7.766388889
2023-01-25 00:00:00,178.6111111,233.8194444,222.5598485,126.0027778,228.5857143,244.1954861,5.723611111,1.401631944,14.81423611,12.86184028
2023-01-26 00:00:00,189.2465278,235.4895833,127.9239583,39.56770833,124.2743056,249.2246528,6.961458333,0.8134375,23.56597222,8.291145833
2023-01-27 00:00:00,67.04347826,125.9791667,120.6506944,72.86493056,136.6569444,186.7045139,6.79375,0.812361111,58.01701389,7.464861111
2023-01-28 00:00:00,130.1215278,207.5590278,153.4532609,103.93125,156.3015152,147.4958333,7.547569444,1.508368056,55.07430556,13.62055556
2023-01-29 00:00:00,256.0659722,328.3715278,252.1105263,229.7732639,293.7399123,234.9392361,5.638888889,2.679756944,13.13715278,15.76236111
2023-01-30 00:00:00,119.5362319,148.3611111,221.7496528,125.4951389,246.4079861,171.9649306,5.781597222,1.425069444,15.64548611,7.042256944
2023-01-31 00:00:00,122.9236111,159.71875,165.8631944,68.22743056,169.9614583,218.3180556,6.269565217,1.000555556,24.84513889,9.824270833
2023-02-01 00:00:00,65.96527778,119.3784722,125.1239583,55.109375,129.66875,199.4118056,5.412152778,0.738159722,41.20486111,8.490208333
2023-02-02 00:00:00,78.4375,148.8368056,121.3,69.70972222,135.4225694,172.6097222,7.211458333,0.866006944,43.01145833,9.299340278
2023-02-03 00:00:00,111.6388889,210.7951389,168.5776515,128.6138889,158.4,175.8576389,7.20625,1.525590278,38.84340278,13.48715278
2023-02-04 00:00:00,137.0555556,230.8020833,151.3111111,108.9447917,180.7711806,210.1277778,7.582986111,1.100729167,40.63159722,10.96753472
2023-02-05 00:00:00,111.3854167,199.5104167,137.9608333,130.0864583,148.2775,184.159375,8.523611111,1.310138889,41.54722222,7.839930556
2023-02-06 00:00:00,276.4756944,389.3854167,314.9070513,322.8572464,323.1383333,227.3427536,10.80590278,3.366631944,22.35694444,13.58118056
2023-02-07 00:00:00,229.5659722,310.9236111,174.8136364,100.1731884,188.4628788,203.3992754,7.272826087,1.279637681,20.04710145,11.26643939
2023-02-08 00:00:00,114.1180556,195.7048611,94.62708333,82.87673611,121.0166667,90.67986111,10.83090278,1.099652778,26.84756944,10.31375
2023-02-09 00:00:00,184.2348485,263.280303,131.0575,119.81,170.0145833,73.53125,21.94275362,1.575688406,16.2375,10.07041667
2023-02-10 00:00:00,179.057971,269.6413043,43.24875,106.77125,91.96416667,39.405,11.20729167,2.004270833,14.41423611,8.871909722
2023-02-11 00:00:00,178.8854167,287.3263889,40.74548611,92.34375,82.24548611,57.83680556,9.771527778,1.752638889,27.35972222,12.69059028
2023-02-12 00:00:00,40.15686275,98.45833333,18.525,31.76284722,31.95277778,36.50104167,9.262152778,0.581770833,36.54340278,6.581458333
2023-02-13 00:00:00,47.68055556,122.2881944,15.73402778,25.39756944,26.29826389,28.86979167,9.842013889,0.559201389,46.13784722,7.076527778
2023-02-14 00:00:00,60.18181818,128.0871212,16.47291667,36.02395833,32.54861111,29.57048611,10.81875,0.79875,35.15868056,8.305451389
2023-02-15 00:00:00,89.81944444,175.40625,18.65347222,47.540625,40.45625,34.36805556,10.98229167,1.115277778,26.13541667,12.10836806
2023-02-16 00:00:00,224.8263889,340.2638889,58.10643939,139.2128788,121.294697,60.21628788,8.667028986,3.035451389,27.1557971,15.96757937
2023-02-17 00:00:00,192.95,162.9953704,97.62638889,208.3850694,190.2121528,120.9020833,8.611458333,4.095243056,25.81527778,19.06923611
2023-02-18 00:00:00,216.1076389,312.1909722,78.26979167,163.13125,150.6010417,112.4697917,6.98125,3.224479167,28.72326389,18.46399306
2023-02-19 00:00:00,271.7673611,382.1979167,79.34513889,167.590625,153.6520833,108.509375,7.249652778,2.917048611,22.76493056,15.41854167
2023-02-20 00:00:00,279.1631944,413.0486111,74.78368056,152.2486111,141.7815972,105.0295139,11.59930556,2.522013889,20.49791667,12.82909722
2023-02-21 00:00:00,246.675,375.2934783,38.70590278,69.32395833,68.34583333,85.76319444,6.867857143,1.343020833,31.49027778,12.29881944
2023-02-22 00:00:00,298.625,454.3541667,45.71284722,83.73125,81.70243056,85.27777778,4.045175439,1.757743056,25.87361111,15.28503472
2023-02-23 00:00:00,76.71590909,196.9583333,38.24791667,66.575,66.5125,82.628125,3.053030303,0.966319444,25.38194444,12.06572917
2023-02-24 00:00:00,80.16287879,213.2840909,41.33020833,79.74201389,76.01909722,73.21493056,4.38125,1.270659722,31.64340278,13.01052083
2023-02-25 00:00:00,119.9513889,231.6666667,63.71736111,125.2725694,117.725,81.71875,8.297569444,2.108576389,33.15277778,13.55256944
2023-02-26 00:00:00,156.6284722,279.2222222,79.33090278,159.8795139,149.5291667,110.10625,10.00763889,2.200289855,30.834375,15.7384375
2023-02-27 00:00:00,118.0520833,232.5138889,59.92569444,111.7833333,108.1819444,82.58854167,7.200694444,1.153458333,32.12534722,13.04309028
2023-02-28 00:00:00,85.88194444,196.7986111,80.35942029,127.0373188,132.9018116,97.76594203,7.746296296,1.021990741,15.99673913,14.59344697
2023-03-01 00:00:00,68.24652778,181.9097222,75.01041667,117.1458333,123.2541667,100.4819444,9.063043478,1.635173611,17.43125,26.86479167
2023-03-02 00:00:00,90.81944444,189.4340278,70.88958333,107.44375,114.8086806,123.5930556,14.18298611,1.368888889,23.096875,29.46666667
2023-03-03 00:00:00,56.98611111,126.5729167,50.04652778,56.42673611,70.70277778,91.41458333,6.847222222,0.762083333,20.79722222,21.82711806
2023-03-04 00:00:00,50.05208333,119.6006944,46.10694444,48.54548611,63.35451389,84.49722222,9.238888889,0.751909722,20.68923611,24.12940972
2023-03-05 00:00:00,52.70833333,110.4166667,49.53888889,49.36145833,66.52916667,84.83819444,8.283680556,0.6884375,23.71770833,18.34243056
2023-03-06 00:00:00,63.44097222,116.3715278,48.45104167,54.51979167,68.37569444,79.53472222,9.606597222,0.800555556,27.46840278,18.20434028
2023-03-07 00:00:00,93.76449275,165.2608696,73.26388889,110.5638889,118.3663194,78.99826389,10.73993056,1.281590909,27.29340278,24.92854167
2023-03-08 00:00:00,129.4305556,194.3680556,88.734375,108.3952899,121.6025362,113.3940972,11.62569444,1.430350877,33.259375,26.71
2023-03-09 00:00:00,59.09375,115.0347222,58.83611111,69.90243056,85.16006944,65.48159722,8.4875,0.878194444,33.72916667,16.20510417
2023-03-10 00:00:00,91.06597222,163.5034722,62.01145833,78.93055556,92.39583333,77.32326389,11.55763889,1.118636364,24.60104167,30.95690972
2023-03-11 00:00:00,86.36805556,152.7569444,84.17256944,129.1347222,137.1027778,82.69673913,13.190625,1.726423611,27.89305556,33.54277778
2023-03-12 00:00:00,102.0625,201.2118056,108.5270833,188.7586806,188.6315972,109.5194444,14.01701389,2.268125,35.81423611,35.28677083
2023-03-13 00:00:00,91.73958333,188.9965278,96.01076389,147.0121528,155.7743056,89.59618056,13.74201389,1.818402778,27.88576389,26.74975694
2023-03-14 00:00:00,96.76041667,205.7291667,67.06076389,83.41493056,99.27638889,75.02777778,12.61458333,1.418715278,28.66527778,24.00524306
2023-03-15 00:00:00,100.1875,212.1979167,117.734375,198.56875,201.2020833,94.81597222,15.39583333,2.496041667,26.29131944,31.89795139
2023-03-16 00:00:00,103.219697,184.0643939,71.72395833,106.9086806,115.1791667,76.69479167,14.94791667,1.407083333,15.12604167,18.72260417
2023-03-17 00:00:00,99.97826087,200.7971014,75.31594203,113.1351449,121.3981884,71.21376812,12.86195652,1.403188406,15.60543478,10.3857971
2023-03-18 00:00:00,73.85069444,137.5,62.93020833,74.41388889,90.26111111,71.48888889,9.991666667,1.230486111,6.139236111,8.05
2023-03-19 00:00:00,84.12847222,189.7222222,71.66736111,96.86840278,109.2336806,80.96041667,10.11527778,1.380034722,10.25208333,10.44152778
2023-03-20 00:00:00,46.95486111,119.9722222,63.77826087,85.63514493,97.39565217,85.20471014,8.040217391,1.154722222,7.303409091,6.165652174
2023-03-21 00:00:00,44,72.80902778,46.69826389,55.55,67.51319444,66.12048611,4.877430556,0.941180556,14.96875,4.977916667
2023-03-22 00:00:00,94.32291667,166.0590278,60.09930556,90.77743056,97.14965278,83.26354167,9.035763889,1.311458333,19.81493056,9.153368056
2023-03-23 00:00:00,56.79861111,114.8159722,55.00277778,67.15868056,80.45555556,83.79756944,8.571180556,1.100659722,22.23298611,6.915277778
2023-03-24 00:00:00,84.60416667,173.9548611,91.51076389,134.1017361,145.7256944,115.9090278,7.982638889,1.732569444,6.579861111,10.46145833
2023-03-25 00:00:00,36.875,81.76736111,63.66840278,75.05208333,91.68506944,80.86909722,6.864930556,1.200486111,14.86041667,4.704409722
2023-03-26 00:00:00,59.27083333,141.7951389,52.51770833,40.78472222,64.37083333,98.14305556,7.194791667,0.647291667,29.3,5.902013889
2023-03-27 00:00:00,53.80208333,101.9548611,48.36284722,32.13541667,56.19097222,87.06527778,9.904861111,0.709097222,30.55208333,4.323819444
2023-03-28 00:00:00,60.29166667,122.3645833,56.64027778,73.87048611,85.27534722,76.64826389,7.773913043,1.129444444,26.04479167,6.6034375
2023-03-29 00:00:00,85.48611111,155.5729167,68.93819444,128.6725694,124.5013889,74.296875,11.69131944,1.666388889,26.72326389,9.254097222
2023-03-30 00:00:00,62.61805556,109.2708333,49.09652778,82.21041667,83.64270833,63.58611111,7.113888889,1.130659722,27.43020833,7.036666667
2023-03-31 00:00:00,29.75347222,63.38541667,42.87708333,50.37743056,61.64826389,72.45520833,6.767361111,0.692847222,14.51388889,3.687777778
2023-04-01 00:00:00,41.79166667,77.28819444,51.46284722,80.41736111,84.61111111,77.09618056,6.2375,1.020694444,16.84583333,4.144583333
2023-04-02 00:00:00,52.61111111,100.1354167,67.12152778,97.54895833,106.4583333,95.79618056,5.559027778,1.281770833,17.77326389,6.6115625
2023-04-03 00:00:00,70.29166667,133.1736111,70.64166667,112.9572917,117.4881944,87.55173611,9.60625,1.444444444,19.59270833,6.662083333
2023-04-04 00:00:00,35.81597222,69.14583333,41.090625,53.56215278,61.89513889,75.34895833,6.944791667,0.779895833,20.31527778,6.0328125
2023-04-05 00:00:00,37.68402778,73.29861111,51.73576389,78.41493056,83.73680556,80.98854167,10.78229167,1.059097222,21.578125,6.819270833
2023-04-06 00:00:00,30.97222222,76.95138889,36.50208333,53.84444444,58.29930556,64.70694444,8.007986111,0.696180556,25.71458333,4.938125
2023-04-07 00:00:00,38.16319444,85.45833333,37.66701389,61.45104167,63.30520833,49.49340278,14.13159722,0.881666667,24.540625,6.738506944
2023-04-08 00:00:00,45.94444444,92.84722222,46.55833333,86.00138889,83.30243056,45.54444444,10.34479167,1.219652778,28.71388889,8.351909722
2023-04-09 00:00:00,73.76736111,131.96875,83.53576389,157.1708333,151.5100694,85.89826389,11.86805556,1.962361111,24.33854167,13.29513889
2023-04-10 00:00:00,67.15277778,122.1840278,61.790625,107.36875,107.2652778,73.36423611,14.28020833,1.474652778,25.85833333,7.134166667
2023-04-11 00:00:00,92.43402778,151.1388889,51.35243056,92.87951389,91.12777778,88.24513889,12.94756944,1.446527778,24.66805556,10.92208333
2023-04-12 00:00:00,58.04861111,107.3611111,34.81006944,57.890625,59.09513889,63.109375,15.72395833,0.936180556,20.44895833,7.085069444
2023-04-13 00:00:00,58.20833333,109.5763889,50.65113636,83.93181818,85.82045455,67.59318182,13.07291667,1.322083333,22.73923611,8.440173611
2023-04-14 00:00:00,76.35069444,129.4826389,63.04537037,126.0324074,118.2981481,41.16759259,15.41319444,1.43625,21.41145833,9.689131944
2023-04-15 00:00:00,75.70486111,136.4021739,85.91527778,179.7975694,165.4833333,58.80144928,14.91111111,2.352847222,23.453125,9.700486111
2023-04-16 00:00:00,60.38194444,123.1666667,79.63680556,148.0920139,143.5083333,78.75659722,9.698263889,1.862430556,19.921875,6.905520833
2023-04-17 00:00:00,51.20486111,120.1180556,86.83125,154.5006944,152.7600694,86.55416667,11.93923611,1.993715278,24.434375,6.938125
2023-04-18 00:00:00,48.02430556,117.7430556,78.30381944,125.7322917,130.5006944,105.5319444,9.778472222,1.622013889,17.334375,6.657916667
2023-04-19 00:00:00,47.49305556,165.1215278,44.58263889,46.275,60.85486111,98.69895833,9.667013889,0.607152778,27.02048611,3.929270833
2023-04-20 00:00:00,29.12681159,77.04347826,41.853125,45.84548611,58.128125,80.04618056,8.250347222,0.670347222,22.38020833,4.235972222
2023-04-21 00:00:00,30.81944444,65.74305556,36.134375,51.64965278,56.85208333,57.94444444,10.040625,0.725659722,27.63472222,2.839409722
2023-04-22 00:00:00,32.34375,65.17361111,30.50833333,48.96736111,50.85,47.21041667,10.04756944,0.654722222,40.33923611,3.140034722
2023-04-23 00:00:00,20.71180556,46.5,27.80902778,46.53263889,47.36076389,42.57569444,5.475793651,0.603611111,29.00104167,2.026736111
2023-04-24 00:00:00,44.06944444,80.30208333,48.04548611,104.7149306,94.75451389,43.87604167,11.77152778,1.157638889,21.65243056,4.365659722
2023-04-25 00:00:00,50.35416667,83.13541667,45.02777778,86.51805556,82.62013889,41.28020833,10.05625,1.282222222,31.14270833,4.453263889
2023-04-26 00:00:00,72.15625,115.4791667,71.74166667,146.5559028,136.2704861,73.13229167,11.84236111,1.816493056,29.52118056,6.459131944
2023-04-27 00:00:00,71.79166667,117.9270833,53.66145833,104.3045139,99.10486111,55.37777778,8.219097222,1.306458333,31.86215278,6.433506944
2023-04-28 00:00:00,64.95833333,96.43560606,49.54431818,94.46742424,90.52462121,54.97738095,10.91439394,1.462291667,18.75719697,6.287765152
2023-04-29 00:00:00,53.29861111,94.74652778,49.27007576,87.26363636,86.47159091,59.90871212,9.320833333,1.108611111,13.28295455,5.671884058
2023-04-30 00:00:00,38.88888889,61.29166667,39.34826389,59.87951389,63.84166667,62.96111111,10.09375,0.826770833,25.25833333,4.663125
2023-05-01 00:00:00,39.29513889,70.375,42.09166667,49.07291667,60.32534722,71.31631944,5.107638889,0.859131944,5.777430556,3.731840278
2023-05-02 00:00:00,34.56597222,65.34722222,41.02881944,45.32083333,57.42222222,71.84236111,8.581746032,0.768854167,9.109722222,3.339791667
2023-05-03 00:00:00,38.08333333,68.45486111,43.359375,62.82743056,68.63854167,53.53854167,9.359126984,1.044652778,7.252083333,4.358472222
2023-05-04 00:00:00,47.59027778,85.23263889,41.86701389,75.43645833,74.159375,47.64618056,9.950347222,1.336944444,22.71006944,5.351388889
2023-05-05 00:00:00,70.81944444,100.1909722,46.84131944,76.57951389,78.81388889,56.18472222,11.50138889,1.430868056,29.80416667,6.122986111
2023-05-06 00:00:00,77.18402778,113.1145833,40.28368056,64.75138889,67.19548611,53.90381944,12.78298611,1.200902778,18.54722222,7.278090278
2023-05-07 00:00:00,45.32291667,82.85763889,37.72430556,63.98229167,64.69791667,40.64583333,10.19027778,0.959895833,26.05243056,3.289930556
2023-05-08 00:00:00,45.87152778,88.3125,48.70138889,90.45138889,87.70833333,45.46458333,11.69479167,1.235694444,11.34166667,4.195173611
2023-05-09 00:00:00,81.84583333,120.1958333,51.57159091,87.75984848,88.59848485,62.08522727,12.74492754,1.221086957,28.54347826,7.107789855
2023-05-10 00:00:00,85.27430556,109.5868056,40.78194444,71.02395833,70.91701389,50.62318841,13.95104167,1.189375,26.659375,5.800486111
2023-05-11 00:00:00,126.0590278,168.7326389,69.39513889,145.7145833,133.8520833,67.915625,13.73506944,2.246944444,23.10625,9.366145833
2023-05-12 00:00:00,89.57352941,125.1470588,79.07205882,152.5308824,145.2044118,102.6779412,11.19558824,1.849705882,29.35735294,6.563088235
2023-05-13 00:00:00,83.67592593,125.3981481,112.8958333,129.8885417,160.8375,38.56547619,33.42,2.417166667,18.0125,7.599259259
2023-05-14 00:00:00,99.20138889,143.375,86.67083333,64.49895833,101.8934028,47.040625,13.06701389,1.4921875,26.34166667,8.762222222
2023-05-15 00:00:00,42.13636364,85.39015152,73.79423077,28.53269231,70.29423077,46.16346154,29.69618056,0.564513889,27.771875,4.757142857
2023-05-16 00:00:00,169.2651515,337.0265152,32.05535714,36.94702381,44.51964286,7.161904762,9.897569444,0.654340278,22.23819444,4.158988095
2023-05-17 00:00:00,121.1904762,205.6607143,39.23181818,40.37272727,53.275,13.52954545,50.3546875,0.826519608,12.20416667,6.241818182
2023-05-18 00:00:00,NA,NA,NA,NA,NA,NA,NA,NA,NA,NA
2023-05-19 00:00:00,NA,NA,NA,NA,NA,NA,NA,NA,NA,NA
2023-05-20 00:00:00,NA,NA,NA,NA,NA,NA,NA,NA,NA,NA
2023-05-21 00:00:00,NA,NA,NA,NA,NA,NA,NA,NA,NA,NA
2023-05-22 00:00:00,NA,NA,NA,NA,NA,NA,NA,NA,NA,NA
2023-05-23 00:00:00,NA,NA,NA,NA,NA,NA,NA,NA,NA,NA
2023-05-24 00:00:00,NA,NA,NA,NA,NA,NA,NA,NA,NA,NA
2023-05-25 00:00:00,NA,NA,NA,NA,NA,NA,NA,NA,NA,NA
2023-05-26 00:00:00,NA,NA,NA,NA,NA,NA,NA,NA,NA,NA
2023-05-27 00:00:00,NA,NA,NA,NA,NA,NA,NA,NA,NA,NA
2023-05-28 00:00:00,NA,NA,NA,NA,NA,NA,NA,NA,NA,NA
2023-05-29 00:00:00,NA,NA,NA,NA,NA,NA,NA,NA,NA,NA
2023-05-30 00:00:00,NA,NA,NA,NA,NA,NA,NA,NA,NA,NA
2023-05-31 00:00:00,NA,NA,NA,NA,NA,NA,NA,NA,NA,NA
2023-06-01 00:00:00,NA,NA,NA,NA,NA,NA,NA,NA,NA,NA
2023-06-02 00:00:00,49.91666667,98.20833333,42.309375,46.56041667,36.02291667,52.75208333,38.27685185,0.528333333,12.32380952,3.669583333
2023-06-03 00:00:00,50.96180556,90.97916667,41.71909722,64.76180556,50.39097222,62.66701389,16.99861111,0.919722222,29.11527778,3.902986111
2023-06-04 00:00:00,72.16319444,119.9756944,40.91875,86.39166667,69.21423611,73.91145833,16.80104167,1.103993056,23.69826389,5.303298611
2023-06-05 00:00:00,56.67045455,106.3636364,33.95,37.98159722,37.509375,60.20972222,16.63923611,1.100034722,32.515625,1.02125
2023-06-06 00:00:00,68.04166667,191.4114583,34.94734848,40.88712121,40.70568182,53.96477273,17.1952381,0.710753968,29.19166667,1.417681159
2023-06-07 00:00:00,56.00833333,123.5,49.63333333,106.8420139,97.18923611,66.07326389,16.37604167,0.916701389,32.85833333,5.706944444
2023-06-08 00:00:00,42.67361111,67.59027778,51.10798611,108.8118056,99.42638889,71.90590278,17.00138889,0.756319444,34.85972222,4.135555556
2023-06-09 00:00:00,38.03125,65.78819444,54.08715278,94.39375,94.18020833,73.34027778,17.41354167,0.589236111,29.36388889,2.556840278
2023-06-10 00:00:00,34.42013889,63.76736111,51.209375,100.5447917,95.115625,73.26111111,15.40625,0.555520833,24.65034722,2.710138889
2023-06-11 00:00:00,35.84027778,72.62152778,47.49097222,96.14166667,89.75243056,73.29652778,18.14166667,0.542118056,35.92430556,1.938194444
2023-06-12 00:00:00,38.63541667,74.59722222,45.82361111,98.82013889,89.82013889,70.67569444,18.21458333,0.669097222,34.83645833,3.461840278
2023-06-13 00:00:00,44.04513889,112.1423611,46.61840278,99.69861111,90.92916667,72.803125,15.01979167,0.682673611,21.11493056,4.006909722
2023-06-14 00:00:00,35.83333333,94.24652778,42.59201389,97.05034722,86.25138889,73.60868056,12.18159722,0.456493056,22.24513889,1.9128125
2023-06-15 00:00:00,29.62847222,64.54513889,43.67118056,108.0642361,92.984375,73,14.68611111,0.513194444,22.89618056,2.413819444
2023-06-16 00:00:00,31.80208333,58.66319444,52.46590909,93.32462121,89.16628788,63.08787879,14.90984848,1.000797101,17.30471014,3.214652778
2023-06-17 00:00:00,31.91666667,55.0625,40.24097222,50.68229167,49.68229167,44.76111111,13.58125,0.838298611,13.97256944,3.500451389
2023-06-18 00:00:00,29.26041667,47.38888889,36.57673611,36.08333333,38.88368056,38.59756944,9.692361111,0.714583333,13.690625,2.894131944
2023-06-19 00:00:00,27.95634921,52.24603175,29.94756944,42.90659722,37.19097222,38.53541667,14.30714286,0.698623188,10.58541667,3.482430556
2023-06-20 00:00:00,48.58333333,94.61111111,32.034375,51.896875,43.65069444,36.25555556,14.32534722,0.711840278,15.54236111,3.778090278
2023-06-21 00:00:00,43.15277778,94.66319444,25.08576389,47.38819444,35.61631944,36.85590278,15.05451389,0.590590278,25.428125,2.998333333
2023-06-22 00:00:00,47.00347222,108.1006944,35.66631944,50.46215278,45.85069444,35.59548611,13.81875,0.805173611,23.58715278,3.633333333
2023-06-23 00:00:00,53.83695652,122.3804348,47.0576087,54.16956522,57.13152174,45.58478261,9.843478261,0.686956522,18.06847826,2.952608696
2023-06-24 00:00:00,62.87152778,125.3888889,60.31130952,29.78035714,54.76190476,41.1797619,11.934375,0.829409722,20.37048611,4.368784722
2023-06-25 00:00:00,35.02777778,56.66319444,33.62465278,6.311805556,20.38993056,36.22326389,12.14027778,0.609131944,14.42291667,3.057986111
2023-06-26 00:00:00,54.92013889,95.31944444,41.83298611,9.152083333,27.975,37.76770833,13.15243056,0.884097222,16.84097222,4.529618056
2023-06-27 00:00:00,46.04513889,84.14930556,36.98923611,5.907916667,21.04479167,37.60763889,13.65138889,0.715069444,20.79027778,7.107673611
2023-06-28 00:00:00,39.76041667,89.73263889,40.86979167,9.092028986,27.09756944,41.85,12.17361111,0.810173611,16.09826389,3.475243056
2023-06-29 00:00:00,53.80208333,92.20138889,38.57222222,3.532954545,21.58333333,40.13923611,15.04097222,0.901388889,15.7125,4.078159722
2023-06-30 00:00:00,31.30902778,59.87152778,37.28958333,4.94484127,20.91076389,43.96840278,13.59826389,0.740451389,16.44340278,2.756840278
2023-07-01 00:00:00,28.65972222,57.32986111,31.51875,2.573958333,15.46909722,40.29409722,14.78125,0.545138889,15.0875,2.421847826
2023-07-02 00:00:00,41.1875,73.35069444,32.5125,2.296666667,14.86805556,39.92013889,15.03923611,0.602708333,16.38229167,
2023-07-03 00:00:00,64.17708333,123.8368056,43.40972222,3.895833333,22.78020833,40.03541667,15.29826389,0.905347222,18.67256944,
2023-07-04 00:00:00,58.34722222,110.3611111,44.64340278,20.35735294,24.51631944,40.65625,15.60972222,0.859756944,16.16319444,2.149583333
2023-07-05 00:00:00,49.60416667,84.53125,43.30625,33.42430556,22.99097222,39.59409722,9.191319444,0.762048611,15.60277778,2.146631944
2023-07-06 00:00:00,36.76041667,64.61805556,42.61805556,31.25104167,21.28020833,38.96354167,14.55,0.690798611,14.16215278,2.151909722
2023-07-07 00:00:00,36.45833333,62.13888889,39.21388889,36.72465278,21.41875,41.33576389,12.19791667,0.742118056,14.38576389,2.155555556
2023-07-08 00:00:00,32.26736111,49.67361111,43.25138889,36.59270833,24.71006944,41.26006944,12.65555556,0.832395833,15.22326389,2.148472222
2023-07-09 00:00:00,29.28125,45.57291667,42.89583333,30.74548611,21.63229167,38.45659722,13.20347222,0.762465278,15.69027778,2.160798611
2023-07-10 00:00:00,32.3125,54.55208333,43.95451389,30.596875,22.06458333,37.28888889,14.20173611,0.769756944,13.54305556,2.141041667
2023-07-11 00:00:00,41.69791667,74.43402778,36.70798611,35.9375,19.02048611,39.95902778,15.32395833,0.754930556,14.51180556,2.570034722
2023-07-12 00:00:00,39.97916667,73.18402778,37.70069444,37.27048611,20.47604167,39.31493056,14.68194444,0.7978125,14.91631944,2.417777778
2023-07-13 00:00:00,40.88888889,78.35069444,39.46527778,33.14791667,19.89548611,38.89618056,16.54618056,0.845277778,17.98576389,2.474409722
2023-07-14 00:00:00,42.43181818,72.87121212,37.61354167,33.70659722,18.51458333,39.36180556,11.66041667,0.861493056,15.47638889,2.745208333
2023-07-15 00:00:00,45.02777778,85.01041667,37.40253623,33.91594203,18.44710145,39.28695652,12.04583333,0.865520833,13.53224638,1.965972222
2023-07-16 00:00:00,31.79166667,58.31944444,34.33645833,33.10798611,15.53541667,40.05625,10.94340278,0.658645833,11.03298611,1.418298611
2023-07-17 00:00:00,52.14236111,105.2395833,39.284375,42.34201389,24.465625,43.54236111,10.965625,1.169652778,19.06493056,6.6884375
2023-07-18 00:00:00,43.02777778,85.74652778,39.37881944,35.02986111,20.64444444,41.94618056,12.00555556,0.941909722,25.52083333,2.787916667
2023-07-19 00:00:00,34.5625,76.6875,38.825,32.91111111,19.08159722,39.47152778,8.766269841,0.847048611,27.49652778,3.820868056
2023-07-20 00:00:00,46.12847222,97.63541667,43.80277778,35.77638889,24.64340278,43.16076389,13.35208333,0.930486111,26.40173611,3.669340278
2023-07-21 00:00:00,51.50347222,108.7638889,46.09618056,40.6875,29.30798611,50.73333333,8.707291667,1.008368056,25.52951389,3.655173611
2023-07-22 00:00:00,37.27430556,77.59375,38.66666667,27.759375,16.27430556,35.39930556,11.11180556,0.576944444,23.240625,2.170555556
2023-07-23 00:00:00,29.42708333,63.64583333,36.52118056,30.98611111,16.35486111,37.94756944,8.64375,0.541631944,24.15347222,1.571666667
2023-07-24 00:00:00,32.03819444,67.67708333,37.74166667,31.27083333,17.31631944,38.23854167,13.79618056,0.701388889,24.75625,1.516840278
2023-07-25 00:00:00,46.70138889,83.40972222,33.56416667,40.37689394,27.99242424,36.96439394,12.56811594,0.856449275,24.56811594,2.472575758
2023-07-26 00:00:00,27.52083333,55.51041667,23.97916667,48.82430556,46.29270833,30.99131944,10.91701389,0.944409722,42.59861111,2.323402778
2023-07-27 00:00:00,44.84722222,83.82291667,22.93923611,35.83263889,37.71041667,28.09097222,12.39548611,0.904027778,60.36354167,2.323680556
2023-07-28 00:00:00,41.65625,67.94791667,21.64548611,31.65173611,34.43541667,29.01736111,10.04861111,0.831909722,57.80277778,1.848576389
2023-07-29 00:00:00,18.32291667,33.73611111,21.77256944,30.321875,33.82361111,31.18298611,11.74375,0.6959375,55.55069444,0.9925
2023-07-30 00:00:00,21.51041667,45.41319444,20.78229167,21.33159722,28.234375,29.80590278,11.13125,0.514375,60.02465278,0.998784722
2023-07-31 00:00:00,46.375,80.76388889,21.28958333,20.92847222,28.15486111,28.40486111,11.9,0.676354167,62.73888889,2.225069444
2023-08-01 00:00:00,24.625,61.47916667,27.46493056,17.028125,31.05416667,34.50243056,13.546875,0.439895833,67.81458333,2.514652778
2023-08-02 00:00:00,25.92013889,66.17708333,27.44236111,13.22326389,28.6,37.23402778,9.040079365,0.427395833,67.35555556,2.439826389
2023-08-03 00:00:00,28.98958333,71.23611111,21.878125,33.34583333,37.84305556,34.45868056,9.080902778,0.457847222,70.33888889,1.91134058
2023-08-04 00:00:00,37.5625,80.09722222,15.36631944,64.52777778,46.80763889,23.36631944,9.764583333,0.849861111,72.78645833,2.490833333
2023-08-05 00:00:00,38.84027778,74.60069444,15.184375,68.43194444,48.71215278,24.82465278,11.36284722,1.081597222,58.30069444,4.092048611
2023-08-06 00:00:00,27.06944444,72.78472222,12.75208333,46.66805556,35.19097222,23.47465278,9.204166667,0.437013889,59.13680556,2.1728125
2023-08-07 00:00:00,29.08680556,89.26736111,12.95833333,41.13784722,32.35590278,21.33229167,11.47534722,0.357534722,60.91736111,1.794166667
2023-08-08 00:00:00,25.65625,99.68055556,13.22881944,37.48819444,30.66631944,20.62881944,7.623412698,0.374652778,61.82604167,2.123854167
2023-08-09 00:00:00,31.22569444,118.5520833,12.78125,37.98888889,30.51493056,20.37534722,10.88253968,0.447118056,43.18514493,2.37692029
2023-08-10 00:00:00,32.84375,112.90625,13.34756944,46.74826389,35.70868056,21.50555556,8.561805556,0.700763889,30.06076389,3.171458333
2023-08-11 00:00:00,36.29861111,122.4583333,12.59513889,40.39305556,31.72708333,21.80451389,7.545486111,0.539305556,30.40416667,3.431875
2023-08-12 00:00:00,29.47916667,103.2743056,12.84409722,35.26875,29.28854167,20.53472222,9.261805556,0.325347222,38.58090278,2.151701389
2023-08-13 00:00:00,27.5,84.45833333,13.19791667,35.80625,29.77916667,19.584375,7.078819444,0.395833333,41.82395833,3.1659375
2023-08-14 00:00:00,35.66666667,102.5833333,13.96770833,52.04201389,39.01840278,21.02708333,7.548809524,0.702638889,36.24722222,3.644097222
2023-08-15 00:00:00,53.62847222,107.6215278,13.64791667,46.93125,36.04166667,22.48888889,5.471527778,0.864166667,32.60486111,4.889479167
2023-08-16 00:00:00,48.46180556,120.8645833,13.40798611,43.02222222,33.75347222,22.55902778,8.6125,0.735451389,36.13125,4.811875
2023-08-17 00:00:00,37.42361111,126.1458333,14.08506944,44.96493056,35.36840278,21.41666667,8.902083333,0.695486111,39.83854167,3.3871875
2023-08-18 00:00:00,43.57986111,156.4409722,40.28174603,35.05,48.40753968,19.965,7.15952381,0.732222222,29.8057971,2.474791667
2023-08-19 00:00:00,53.02430556,102.6145833,81.67604167,36.18409091,83.43229167,17.69375,11.1625,1.196875,15.965625,4.849479167
2023-08-20 00:00:00,43.84027778,87.32986111,86.60277778,31.13229167,86.80381944,17.10277778,11.61909722,1.039652778,15.65868056,5.714236111
2023-08-21 00:00:00,47.49305556,91.6875,88.76527778,10.19916667,72.39444444,16.45555556,8.036111111,0.888090278,28.26701389,5.073090278
2023-08-22 00:00:00,39.36805556,83.97569444,58.47881944,46.30486111,70.39513889,16.98125,11.41006944,0.900694444,15.63784722,3.516284722
2023-08-23 00:00:00,23.17708333,53.21875,31.49756944,87.48784722,72.14340278,16.08472222,12.19444444,0.968541667,13.27430556,2.4321875
2023-08-24 00:00:00,24.84027778,88.40277778,26.24270833,64.19270833,55.44652778,17.83854167,11.24166667,0.626284722,14.17638889,2.005486111
2023-08-25 00:00:00,26.96527778,101.21875,24.25173611,57.76805556,50.44583333,13.69409722,11.78506944,0.593368056,26.20069444,2.380069444
2023-08-26 00:00:00,34.79513889,146.6423611,24.92743056,59.91006944,52.09652778,14.80486111,9.286111111,0.524652778,19.22951389,1.909236111
2023-08-27 00:00:00,42.0625,174.8819444,24.72395833,55.14756944,49.43055556,14.08159722,11.03680556,0.440520833,37.759375,1.572743056
2023-08-28 00:00:00,40.39583333,157.9652778,28.79652778,68.83715278,60.01597222,12.925,8.698263889,0.699513889,45.18472222,2.197604167
2023-08-29 00:00:00,39.38541667,140.6631944,26.58768116,69.04456522,58.32898551,15.09094203,10.81931818,0.661818182,27.3634058,2.776268116
2023-08-30 00:00:00,44.72222222,140.9965278,25.36805556,80.68645833,63.51875,15.58090278,4.377898551,0.741597222,32.58784722,2.453611111
2023-08-31 00:00:00,42.80208333,134.4652778,27.11944444,92.39826389,71.15625,17.20763889,6.396180556,0.761597222,33.00381944,3.316458333
2023-09-01 00:00:00,34.76736111,120.8263889,24.10555556,71.96666667,57.79479167,16.62708333,10.94206349,0.775798611,29.10173611,2.8840625
2023-09-02 00:00:00,35.29861111,122.1701389,23.46041667,60.18541667,50.89305556,14.928125,9.763095238,0.832465278,37.06736111,2.780625
2023-09-03 00:00:00,34.31597222,121.78125,23.54340278,76.66666667,59.81041667,15.95173611,10.85208333,0.911701389,33.09270833,2.550659722
2023-09-04 00:00:00,34.24305556,113.8680556,26.56145833,78.86909722,63.528125,16.68576389,11.93611111,0.956909722,31.32986111,2.112291667
2023-09-05 00:00:00,41.02430556,101.8541667,26.4,79.72638889,63.87534722,14.49201389,14.00381944,1.108888889,60.68784722,2.414409722
2023-09-06 00:00:00,30.34722222,86.85416667,25.98958333,90.25763889,69.13854167,22.64548611,12.31493056,1.179722222,30.70694444,2.226458333
2023-09-07 00:00:00,38.31597222,85.79513889,26.70208333,86.30555556,67.53784722,16.20034722,13.09340278,1.199375,51.2134058,2.916215278
2023-09-08 00:00:00,24.51388889,62.69791667,21.06805556,51.63680556,44.59895833,16.7375,11.15416667,0.824375,42.278125,1.520277778
2023-09-09 00:00:00,15.60069444,33.17013889,20.390625,38.2125,36.89965278,16.87534722,10.65,0.765173611,17.78993056,1.1059375
2023-09-10 00:00:00,11.13194444,24.78125,22.78784722,27.8125,33.18125,14.609375,10.66904762,0.709618056,15.61875,
2023-09-11 00:00:00,29.18402778,62.74652778,26.62222222,89.61145833,69.30972222,14.78888889,10.346875,1.221631944,45.58402778,
2023-09-12 00:00:00,42.32986111,87.06944444,29.7134058,110.4373188,82.90362319,13.46086957,10.51956522,1.538405797,43.35378788,2.959166667
2023-09-13 00:00:00,55.5942029,100.5797101,31.43405797,97.07536232,77.19456522,26.96190476,13.31702899,1.84865942,32.79927536,2.758043478
2023-09-14 00:00:00,60.78125,111.5069444,39.92430556,68.98090278,69.15069444,49.48923611,17.29930556,1.918645833,32.584375,2.902048611
2023-09-15 00:00:00,38.39583333,76.80555556,28.68888889,44.54479167,47.00798611,32.12847222,12.81284722,1.478958333,25.33645833,2.499513889
2023-09-16 00:00:00,32.60416667,63.54861111,27.95486111,44.46423611,46.37916667,29.78402778,17.80138889,1.451944444,28.81388889,2.253993056
2023-09-17 00:00:00,26.09027778,52.37847222,24.85833333,39.28333333,41.10069444,27.08020833,12.71770833,1.210902778,59.78125,1.481284722
2023-09-18 00:00:00,18.29861111,46.60069444,29.91493056,47.12847222,49.38125,29.17430556,12.86805556,1.376458333,67.47534722,1.550173611
2023-09-19 00:00:00,26.43115942,58.55681818,35.046875,51.61319444,55.94166667,29.78576389,13.35138889,1.467013889,64.19305556,1.627395833
2023-09-20 00:00:00,44.22569444,86.28819444,37.115625,68.85868056,66.79618056,36.22604167,17.48888889,1.7096875,72.14270833,2.482638889
2023-09-21 00:00:00,39.24305556,76.85763889,31.28958333,53.90347222,54.07986111,32.35451389,9.876736111,1.495243056,68.55972222,2.167708333
2023-09-22 00:00:00,53.20833333,92.77083333,28.96992754,51.84492754,51.13442029,30.45036232,13.84673913,1.502463768,46.2,2.229492754
2023-09-23 00:00:00,51.94791667,87.61458333,33.575,65.56458333,62.17083333,34.36041667,7.084027778,1.847604167,13.05208333,1.538958333
2023-09-24 00:00:00,63.84722222,110.9722222,41.35555556,83.24652778,77.90277778,46.79479167,8.767013889,1.997847222,14.16145833,1.782048611
2023-09-25 00:00:00,67.74305556,123.4548611,29.45555556,58.88125,55.27430556,32.975,6.948958333,1.59,28.49201389,1.661076389
2023-09-26 00:00:00,79.28819444,150.2638889,30.69409722,54.02743056,53.69270833,31.36909722,7.008333333,1.518368056,34.40208333,1.772951389
2023-09-27 00:00:00,45.93055556,123.2569444,25.48958333,40.57569444,42.30138889,27.48333333,8.276041667,1.196284722,29.83055556,1.371631944
2023-09-28 00:00:00,52.15625,130.1423611,24.15,44.93598485,43.42537879,27.09166667,8.268055556,1.326630435,30.70398551,1.814886364
2023-09-29 00:00:00,69.14583333,157.1631944,31.28888889,62.37847222,58.62013889,35.37673611,9.796875,1.506458333,35.20555556,2.143333333
2023-09-30 00:00:00,60.48263889,152.6736111,23.34826389,43.61527778,42.17986111,27.18958333,4.228125,1.264548611,29.69444444,1.539826389
2023-10-01 00:00:00,58.64583333,148.5555556,22.93472222,43.396875,41.72361111,27.15381944,17.74548611,1.199548611,29.21458333,1.284652778
2023-10-02 00:00:00,56,135.4791667,22.27847222,47.37083333,43.30868056,26.55520833,10.75625,1.229965278,37.63506944,1.418923611
2023-10-03 00:00:00,54.19791667,144.7881944,30.86909722,65.47152778,59.89618056,33.92118056,7.601190476,1.391666667,32.878125,1.748680556
2023-10-04 00:00:00,58.83333333,157.0694444,23.37465278,49.54652778,45.36458333,27.79618056,11.41840278,1.354166667,36.68090278,1.783055556
2023-10-05 00:00:00,80.39930556,190.7222222,32.82916667,79.51944444,68.9875,36.94722222,8.817361111,1.915034722,33.62777778,2.204479167
2023-10-06 00:00:00,89.67708333,197.6111111,43.68645833,104.5465278,91.121875,50.01388889,11.83819444,2.214965278,36.47743056,1.938159722
2023-10-07 00:00:00,80.23263889,173.2256944,54.51979167,118.7496528,107.4909722,60.67847222,12.29791667,2.324236111,20.43402778,2.032881944
2023-10-08 00:00:00,70.85416667,151.34375,42.32083333,82.36770833,78.15034722,49.89791667,12.87118056,1.822673611,16.45868056,1.528229167
2023-10-09 00:00:00,76.49305556,169.9652778,45.85868056,88.90590278,84.57361111,47.70173611,10.89409722,2.083506944,18.228125,1.611527778
2023-10-10 00:00:00,73.64930556,160.6666667,43.43043478,85.57753623,80.82934783,50.67572464,8.717708333,1.849583333,19.71231884,1.930659722
2023-10-11 00:00:00,87.38194444,158.2916667,25.97048611,50.89652778,48.19201389,30.40659722,11.93297101,1.438297101,26.33090278,1.599236111
2023-10-12 00:00:00,114.5905797,195.1195652,34.80694444,82.703125,72.29201389,40.93333333,8.936458333,1.925763889,34.18645833,1.680381944
2023-10-13 00:00:00,124.5138889,221.8819444,46.128125,111.9625,97.05763889,51.49479167,11.18333333,2.335972222,36.27673611,2.171354167
2023-10-14 00:00:00,96.39236111,171.5868056,59.64722222,134.5510417,120.065625,63.19791667,10.22698413,2.617118056,23.74513889,1.991631944
2023-10-15 00:00:00,78.92013889,154.9131944,58.83368056,129.446875,116.6934028,65.60659722,13.62048611,2.411805556,20.99097222,2.351666667
2023-10-16 00:00:00,54.59375,127.7708333,35.00208333,68.30034722,64.78020833,43.77083333,14.40520833,1.311111111,17.675,2.337395833
2023-10-17 00:00:00,48.21875,66.71527778,36.00868056,71.07673611,67.04409722,42.24444444,8.965277778,1.695173611,10.91701389,2.119756944
2023-10-18 00:00:00,45.75,71.55902778,27.96215278,44.28506944,46.28263889,34.003125,11.51076389,1.077361111,18.98333333,2.104756944
2023-10-19 00:00:00,45.83680556,75.42361111,25.55486111,41.78333333,43.003125,30.315625,11.021875,1.195555556,29.81354167,2.103055556
2023-10-20 00:00:00,90.73958333,124.5,37.73115942,71.32065217,68.6134058,41.14311594,15.60931373,1.396811594,30.59855072,4.080434783
2023-10-21 00:00:00,148.8020833,201.2395833,44.61527778,108.4333333,93.95069444,53.2625,9.571969697,2.090625,44.56875,6.9378125
2023-10-22 00:00:00,154.4895833,218.1770833,53.93645833,121.0427083,108.2336806,65.21909722,13.22638889,1.994340278,32.63645833,8.839201389
2023-10-23 00:00:00,129.2246377,177.4963768,31.95875,58.24625,56.96625,41.13,16.86875,1.696805556,22.26076389,4.26525
2023-10-24 00:00:00,91.42708333,141.7569444,58.68125,70.88020833,85.39375,18.34895833,9.428125,1.499901961,28.8375,5.765416667
2023-10-25 00:00:00,125.8043478,187.1376812,53.09201389,67.60034722,79.12118056,20.96354167,14.10396825,1.5078125,30.34513889,5.025694444
2023-10-26 00:00:00,100.53125,157.6944444,72.03297101,97.35253623,110.3485507,19.99202899,11.06304348,1.883819444,26.90108696,7.321287879
2023-10-27 00:00:00,121.6944444,184.8333333,115.1625,127.9511364,120.6559524,24.665625,7.290972222,2.898298611,32.00069444,6.7090625
2023-10-28 00:00:00,129.8194444,174.1006944,137.7899306,213.7819444,223.8663194,36.61770833,12.65104167,3.050381944,38.26736111,8.821111111
2023-10-29 00:00:00,146.0868056,211.2847222,168.0760417,270.1368056,277.9215278,40.578125,16.64965278,3.497951389,26.440625,6.423368056
2023-10-30 00:00:00,163.5833333,229.65625,153.8270833,248.9440972,254.7336806,44.92256944,15.39027778,3.245173611,23.33854167,6.413368056
2023-10-31 00:00:00,182.0034722,250.6979167,135.5298611,215.584375,224.2190972,39.8125,11.51354167,3.206145833,19.41319444,6.146458333
2023-11-01 00:00:00,165.0243056,216.8993056,131.2522727,214.0352273,219.992803,52.8875,15.75507246,3.058478261,23.08768116,6.957878788
2023-11-02 00:00:00,270.4826389,328.7222222,102.1131944,198.9465278,188.8409722,72.16701389,9.948611111,3.479756944,16.63368056,9.204097222
2023-11-03 00:00:00,262.7534722,326.6076389,81.64826389,157.1197917,150.596875,58.35416667,7.51031746,3.468611111,19.85625,7.278020833
2023-11-04 00:00:00,264.8298611,327.65625,89.41805556,175.1486111,165.8621528,66.246875,8.893055556,3.422777778,17.459375,10.58361111
2023-11-05 00:00:00,270.3472222,337.8506944,81.89652778,157.9913194,150.6159722,61.31770833,6.453623188,3.290104167,21.08888889,8.829756944
2023-11-06 00:00:00,203.7708333,263.8923611,126.5302083,263.2274306,244.0371528,83.12986111,14.134375,4.195104167,21.20451389,7.268368056
2023-11-07 00:00:00,276.7246377,378.9311594,101.8673611,212.9743056,196.0993056,73.29791667,11.40034722,3.932256944,29.91388889,9.674930556
2023-11-08 00:00:00,324.8159722,458,92.52743056,179.5777778,170.7479167,69.47013889,11.98090278,3.543333333,22.30178571,12.01041667
2023-11-09 00:00:00,381.7395833,508.5451389,81.77326389,146.4239583,144.3534722,59.63819444,10.13125,3.531145833,6.060714286,9.845243056
2023-11-10 00:00:00,154.9027778,203.15625,48.81284722,67.99479167,75.84652778,37.63368056,9.743402778,1.430833333,7.382638889,3.704479167
2023-11-11 00:00:00,110.2847222,159.9340278,38.07753623,54.20326087,59.79275362,29.86992754,4.931578947,1.148115942,27.82717391,3.999673913
2023-11-12 00:00:00,192.5729167,204.6630435,38.8,75.44513889,71.67916667,32.92361111,13.10902778,1.379583333,18.87743056,4.635243056
2023-11-13 00:00:00,395.7142857,427.2291667,58.01388889,132.1704861,117.4652778,47.12083333,14.41319444,2.418645833,23.61875,6.977048611
2023-11-14 00:00:00,270.2717391,334.0217391,64.42717391,155.6478261,135.1673913,54.47282609,29.28368056,2.462717391,29.08958333,8.331630435
2023-11-15 00:00:00,291.5347222,359.2048611,67.275,117.4678571,117.1761905,32.47440476,19.27847222,2.239055556,33.06145833,7.373095238
2023-11-16 00:00:00,360.2083333,448.28125,91.48229167,163.8125,160.7923611,41.50902778,14.359375,2.064824561,33.16770833,7.375729167
2023-11-17 00:00:00,215.5595238,304.797619,125.4288889,257.6555556,239.0244444,56.34388889,49.68009259,3.261410256,22.85526316,7.524739583
2023-11-18 00:00:00,184.3368056,251.2951389,65.31666667,152.6760417,135.2027778,35.83368056,7.764583333,2.155798611,54.55486111,5.431805556
2023-11-19 00:00:00,154.9444444,225.8541667,95.078125,210.4170139,189.2225694,45.36701389,10.75625,2.610104167,50.06805556,5.094479167
2023-11-20 00:00:00,170.0763889,264.2673611,95.05347222,208.3451389,189.2826389,53.47569444,14.16631944,2.916631944,57.40729167,6.803298611
2023-11-21 00:00:00,208.6875,294.3958333,39.26557971,77.97246377,73.40289855,31.20181159,12.340625,1.6678125,34.55243056,6.954768519
2023-11-22 00:00:00,180.8854167,257.4791667,50.60138889,108.0722222,98.61770833,30.37222222,13.90347222,2.2375,36.25798611,5.591354167
2023-11-23 00:00:00,195.8368056,284.2291667,107.0399306,260.3114583,226.2017361,59.12430556,17.73368056,3.702152778,25.496875,9.672465278
2023-11-24 00:00:00,216.0069444,322.6423611,130.7461806,279.7393939,251.7742754,73.17430556,13.67430556,4.119340278,32.76493056,10.2290625
2023-11-25 00:00:00,228,310.78125,76.81458333,184.3420139,161.5611111,48.73506944,13.425,1.1325,26.96284722,8.345972222
2023-11-26 00:00:00,292.9756944,380.1458333,126.059375,276.4609848,252.2032609,72.01423611,15.57604167,0.250520833,19.31354167,9.179097222
2023-11-27 00:00:00,315.2847222,377.6666667,70.10381944,129.0784722,125.6538194,50.52881944,11.45034722,0.2703125,10.83368056,7.537465278
2023-11-28 00:00:00,257.8809524,292.8901515,31.26631944,17.26909722,34.52465278,19.40833333,13.27013889,0.967916667,9.276736111,4.938159722
2023-11-29 00:00:00,184.2951389,263.4548611,55.02256944,73.40381944,83.77777778,48.00694444,10.89409722,2.969513889,11.28645833,6.2809375
2023-11-30 00:00:00,231.7708333,326.5416667,66.18993056,98.096875,105.9913194,62.54236111,12.98194444,3.367604167,10.26111111,10.36336806
2023-12-01 00:00:00,237.9826389,319.5451389,37.43020833,33.10659722,47.98923611,26.45069444,15.17743056,1.736631944,18.52569444,7.626145833
2023-12-02 00:00:00,160.8923611,242.1284722,48.15208333,56.87569444,69.39166667,38.85347222,12.35659722,2.158055556,16.83506944,8.433958333
2023-12-03 00:00:00,139.6354167,210.3333333,44.54826389,53.37361111,64.59965278,35.13888889,11.54236111,1.942777778,18.70069444,6.553229167
2023-12-04 00:00:00,143.8645833,218.25,42.01631944,44.85277778,58.09618056,32.528125,11.97013889,1.841805556,18.08888889,5.200208333
2023-12-05 00:00:00,119.1231884,186.8876812,34.27424242,29.53787879,43.56704545,21.14734848,25.540625,1.320795455,23.05606061,6.036628788
2023-12-06 00:00:00,152.0486111,219.2256944,37.65,56.13988095,60.2577381,20.69404762,13.17604167,1.675297619,39.38452381,4.41077381
2023-12-07 00:00:00,190.0625,268.2222222,44.171875,78.68472222,77.70034722,27.2375,15.78680556,2.087673611,22.44375,6.150104167
2023-12-08 00:00:00,175.9375,256.5555556,44.925,82.51701389,80.31736111,26.96770833,13.07326389,2.021284722,25.14166667,8.0315625
2023-12-09 00:00:00,174.115942,247.0434783,37.26319444,59.68125,62.03368056,21.25208333,12.17465278,1.623090278,27.63958333,7.730520833
2023-12-10 00:00:00,168.9409722,239.8680556,39.31041667,67.62569444,67.75729167,22.234375,16.03611111,1.793090278,24.41111111,6.123993056
2023-12-11 00:00:00,175.1770833,270.5868056,59.790625,147.8875,127.2788194,41.02534722,15.88993056,2.911840278,21.20625,6.938020833
2023-12-12 00:00:00,235.2604167,343.1319444,78.94270833,212.3232639,177.1121528,57.35729167,13.95277778,3.381701389,13.13611111,7.822152778
2023-12-13 00:00:00,307.5705128,424.3717949,68.26987179,168.7467949,146.8416667,46.31217949,41.80595238,2.662777778,11.13205128,10.61208333
2023-12-14 00:00:00,NA,NA,NA,NA,NA,NA,NA,NA,NA,NA
2023-12-15 00:00:00,NA,NA,NA,NA,NA,NA,NA,NA,NA,NA
2023-12-16 00:00:00,238.1666667,366.5166667,80.11145833,225.7552083,185.2135417,59.26666667,33.625,3.207395833,13.32395833,3.34952381
2023-12-17 00:00:00,229.9722222,312.4027778,48.25798611,108.3763889,96.86805556,33.66805556,22.78333333,1.278576389,20.37222222,4.071145833
2023-12-18 00:00:00,168.1701389,235.3680556,31.55277778,41.20104167,47.31770833,18.61840278,18.15902778,0.824270833,18.71666667,4.194340278
2023-12-19 00:00:00,146.1284722,218.6666667,35.91354167,51.93194444,56.81909722,20.921875,14.39826389,1.532118056,38.78194444,3.677013889
2023-12-20 00:00:00,175.1875,254.4756944,41.37395833,73.99236111,72.98854167,26.67777778,13.94652778,1.871944444,21.43125,4.137916667
2023-12-21 00:00:00,286.5381944,390.6979167,58.284375,133.3430556,118.3197917,53.39930556,14.82916667,2.8084375,18.40416667,3.928958333
2023-12-22 00:00:00,398.6875,533.9236111,66.32608696,162.5449275,140.384058,88.98985507,11.9780303,3.781413043,16.54673913,3.574128788
2023-12-23 00:00:00,345.75,448.0615942,53.16022727,132.7761364,113.8409091,74.26401515,35.71979167,3.876590909,12.54270833,5.290492424
2023-12-24 00:00:00,330.2256944,427.0729167,29.93958333,72.24131944,62.77361111,43.47986111,10.83159722,4.327938596,18.290625,11.17875
2023-12-25 00:00:00,255.7986111,328.2951389,19.11111111,32.09548611,32.60590278,24.04826389,18.18015873,1.948368056,19.28229167,7.106180556
2023-12-26 00:00:00,283.4270833,374.0138889,23.49027778,48.8875,45.10590278,32.01458333,16.4375,2.572152778,16.34583333,8.918229167
2023-12-27 00:00:00,296.3478261,395.4710145,18.94340278,33.13298611,33.034375,25.36770833,14.10486111,1.600208333,10.55694444,10.31864583
2023-12-28 00:00:00,236.6909722,318.2361111,15.21376812,19.75797101,22.88297101,18.12427536,16.97644928,1.461736111,16.72391304,6.322971014
2023-12-29 00:00:00,265.8125,371,16.98506944,25.37534722,27.30347222,20.09027778,13.08514493,1.846770833,11.77638889,6.652152778
2023-12-30 00:00:00,268.8106061,371.3560606,13.92326389,16.40625,20.04305556,13.47534722,19.74930556,1.5678125,12.09479167,5.5153125
2023-12-31 00:00:00,220.21875,309.6805556,15.359375,21.47083333,23.90763889,17.371875,17.25625,1.460590278,8.917708333,5.672951389
